Date,RTGS_Vol,RTGS_Val,NEFT_Vol,NEFT_Val,AePS_Vol,AePS_Val,UPI_Vol,UPI_Val,IMPS_Vol,IMPS_Val
01/06/2020,4.85,436996.69,172.11,104275.13,0.43618,7.6822045,476.9671,10413.10897,76.80648,9072.554678
02/06/2020,4.5434,361878.8715,100.06772,65259.01611,0.44138,7.6655157,476.78182,9951.298586,72.24891,8215.412747
03/06/2020,4.30157,330632.8923,100.36426,62985.75019,0.43952,7.4760377,456.2593,9622.375213,68.14805,7653.707593
04/06/2020,4.35152,329072.4474,94.65655,63148.28862,0.44828,7.3238377,463.04959,9639.502869,70.68543,7705.893342
05/06/2020,4.56267,365468.952,111.26259,68932.7186,0.47535,7.3247942,464.79398,9539.524729,72.99507,7705.245526
06/06/2020,3.78611,111618.2159,77.05,60118.05843,0.53671,7.7088397,458.64927,9119.199542,70.34825,7076.034987
07/06/2020,h,h,8.35691,2651.29317,0.43795,5.5799212,427.25912,6874.9973,54.24646,4350.245887
08/06/2020,5.32742,343217.5274,121.32275,68564.97478,0.61689,8.2091203,469.99287,10062.17049,71.29805,8143.193534
09/06/2020,4.94615,295808.2369,95.19347,68888.07719,0.63,8.43,466.98338,9786.857657,69.54556,7725.253023
10/06/2020,4.78815,332717.289,87.89294,63676.18544,0.69205,9.1144115,461.58058,9839.410284,69.47982,7650.198805
11/06/2020,4.6815,325252.8441,79.90802,69624.46127,0.63,8.4,449.65,9499.97,68.71,7424.38
12/06/2020,5.23362,431435.8149,78.75303,72097.77863,0.63961,8.9763331,453.42912,9288.433726,68.23533,7365.121365
13/06/2020,h,h,16.07575,5053.557916,0.58489,8.2390929,289.00253,4333.739249,47.24816,4517.003189
14/06/2020,h,h,10.82748,2674.318711,0.39485,5.5253345,435.87,7238.232876,57.40624,4388.975789
15/06/2020,6.73663,489520.1202,95.28147,88318.82399,0.53362,8.036984668,463.91469,9725.940724,72.58162,8165.451246
16/06/2020,5.31426,329380.8933,82.53249,88072.57148,0.54833,8.1890834,469.24346,9361.87362,67.36546,7244.153282
17/06/2020,4.96661,321418.9069,72.76998,64135.4917,0.53836,8.035623949,446.58304,9087.238502,68.21495,7098.010307
18/06/2020,4.78605,335846.1595,70.91951,76040.08425,0.58279,8.4118687,433.31743,8793.323442,66.09145,6929.780254
19/06/2020,4.71551,336777.891,65.82844,64031.90071,0.56548,8.3368294,440.29209,8512.468179,65.63303,6593.330339
20/06/2020,3.87281,82992.86207,53.97209,43978.10317,0.48062,7.3706277,437.74652,8280.129006,64.78842,6129.247386
21/06/2020,h,h,6.0616,2093.334083,0.3333,4.89552405,356.52732,4938.442783,45.952,3314.191724
22/06/2020,5.13852,392434.0422,95.50014,73128.6048,0.50671,7.9827402,459.5468,9375.196451,68.48067,7111.423727
23/06/2020,4.79047,330592.0529,94.77534,95774.00597,0.5705,8.7682392,452.99435,8650.023156,66.61695,6780.849733
24/06/2020,4.80322,326049.651,71.5239,68814.85183,0.57,8.68,477.54,8942.45,65.81,6840.45
25/06/2020,4.73562,331568.4744,66.47256,86276.4916,0.56213,8.7054141,456.49271,8531.51824,66.15843,6927.48
26/06/2020,5.29307,425126.2236,71.37461,89606.8474,0.58,8.95,455.45,8660.95,66.32,6910.38
27/06/2020,h,h,13.77369,6805.169381,0.52,8.33,436.26,7586.08,62.86,5836.21
28/06/2020,h,h,6.57923,2336.184594,0.3,4.52,397.91,5544.8,49.17,3612.89
29/06/2020,7.00889,584660.8299,109.64273,129714.5443,0.52,8.56,430.17,8825.17,72.11,8319.76
30/06/2020,6.14231,701509.8354,143.16587,149509.5053,0.43,7.46,505.09,11811.09,83.56,10144
01/07/2020,4.90762,417735.9477,173.00165,96466.52145,0.57,9.49,515.18,11611.71,90.45,10474.88
02/07/2020,4.68519,320662.5505,100.44184,74699.4531,0.61,9.9,481.96,10494.44,83.03,9342.1
03/07/2020,4.69096,298605.3466,108.02575,71947.53989,0.59,9.74,507.41,10735.45,76.91,8293.17
04/07/2020,3.80446,95452.81051,70.05782,48814.6806,0.56,9.06,498.77,10114.58,76.41,7785.95
05/07/2020,h,h,9.73955,2897.45462,0.3,4.48,432.52,7115.05,55.19,4615.17
06/07/2020,5.22569,393151.5408,109.29326,97039.57667,0.6,9.55,503.34,10863,82.24,8622.13
07/07/2020,4.94152,347459.2663,117.56608,75837.3425,0.52,8.41,496.02,10438.01,79.28,8374.16
08/07/2020,4.74639,314249.0151,111.46972,73250.38665,0.61,9.26,509.11,10642.44,77.06,8091.53
09/07/2020,4.74413,343721.645,100.01119,72248.88673,0.53,8.35,485.14,10059.96,74.58,7859.37
10/07/2020,5.20218,389681.8291,102.36282,86573.93744,0.57,8.91,451.5,9324.23,74.82,8028.18
11/07/2020,h,h,14.27293,6074.971941,0.5,7.67,500.95,9024.34,68.01,6185.32
12/07/2020,h,h,7.29335,2357.106414,0.31,4.63,434.05,6282.22,49.4,3658.08
13/07/2020,6.44814,449931.9285,113.43608,88295.77311,0.48,7.89,518.52,10469.79,77.46,8056.36
14/07/2020,5.20935,331781.7014,85.13832,68689.00854,0.65,9.94,519.6,10312.04,74.8,7839.39
15/07/2020,4.96783,332465.9695,86.07893,80746.79719,0.66,9.83,499.18,10118.86,72.43,7711.74
16/07/2020,4.67086,326097.8165,84.25585,69716.47349,0.65,9.92,479.81,9451.87,69.47,7083.76
17/07/2020,4.57588,304494.6471,76.65922,74411.4031,0.61,9.24,472.6,9034.77,68.6,7062.31
18/07/2020,3.36767,80898.97757,59.84917,40256.3227,0.51,7.75,462.3,8380.13,62.86,5988.41
19/07/2020,h,h,6.08129,2343.157193,0.35,5.04,410.87,5766.61,47.37,3415.28
20/07/2020,5.20914,345326.9228,74.31706,70357.75974,0.6,9.04,461.25,8829,72.5,7248.83
21/07/2020,4.80039,300956.3102,66.35638,59734.08596,0.58,8.92,437.49,8301.25,70.65,7070.64
22/07/2020,4.68802,307147.7808,68.64978,62003.00857,0.54,8.73,496.81,9735.93,71.29,7124.26
23/07/2020,4.46214,310965.1118,63.86625,67317.40326,0.52,7.97,470.34,8878.82,69.01,6874.02
24/07/2020,5.27373,319243.6681,78.15744,79211.51698,0.58,8.66,483.32,9348.16,71.25,7238.9
25/07/2020,h,h,13.6464,6554.56899,0.41,6.51,466.6,7787.59,64.02,5730.15
26/07/2020,h,h,7.73715,2268.573215,0.29,4.31,414.17,5659.17,47.71,3467.98
27/07/2020,6.56634,360578.0876,88.84762,102496.0253,0.52,8.41,501.87,9884.21,75.23,7929.13
28/07/2020,5.50977,334753.8978,83.86316,78909.27045,0.59,9.14,497.54,9580.56,74.46,7873.17
29/07/2020,4.95966,457537.9427,66.67942,74219.22925,0.59,9.17,488.78,9301.61,72.92,7737.04
30/07/2020,5.46739,391342.5913,98.58669,103059.176,0.63,9.67,525.93,10592.09,80.96,8745.55
31/07/2020,5.63823,461035.7435,155.28974,124315.9776,0.74,11.21,550.61,12399.97,90.62,10248.32
01/08/2020,h,h,55.28795,20114.02261,0.57,8.52,554.43,10981.35,84.69,8404.61
02/08/2020,h,h,10.98714,3078.985221,0.5,6.68,501.86,8082.04,65.67,5347.97
03/08/2020,4.08792,319623.9626,137.34427,84243.91537,0.4,6.11,508.98,9804.57,81.23,8289.47
04/08/2020,5.50224,285509.5765,111.28421,78472.78394,0.54,8.33,526.55,11230.53,84.43,9259.91
05/08/2020,4.81097,322914.3596,99.20717,77829.5079,0.56,8.6,492.26,10226.47,83.36,8887.28
06/08/2020,4.9984,336090.7387,103.43387,86625.32054,0.61,9.21,459.74,9517.22,84.6,8626.75
07/08/2020,5.69707,316649.3813,132.89252,93507.61434,0.57,8.47,504.21,10464.83,86.54,9085.15
08/08/2020,h,h,16.44709,8205.328063,0.38,5.99,538.93,9938.8,77.43,7139.57
09/08/2020,h,h,9.35194,2915.886424,0.37,5.26,440.12,6578.76,59.3,4529.82
10/08/2020,7.03149,428330.2304,140.46884,97391.68602,1.04,14.69,511.87,10388.9,93.32,9889.43
11/08/2020,4.76067,284861.4124,91.8727,66477.69355,0.92,12.9,578.27,11411.04,86.35,8468.22
12/08/2020,3.64997,250174.7177,83.68097,58909.30152,0.87,12.32,558.47,10962.22,81.66,7844.86
13/08/2020,5.5496,308727.6912,98.58893,83811.40572,0.79,11.72,539.19,10585.91,81.31,8194.45
14/08/2020,5.72194,365422.7528,92.06704,83445.9769,0.9,12.64,539.34,10316.23,82.18,8104.78
15/08/2020,h,h,8.89115,3931.868394,0.58,8.72,489.26,7615.92,66.09,5083.94
16/08/2020,h,h,6.59305,2450.045342,0.48,6.62,460.73,6513.29,55.73,3890.45
17/08/2020,6.19951,362002.3292,114.84872,93308.37324,0.71,10.65,491.93,9319.65,85.45,8575.21
18/08/2020,5.57872,311514.3898,93.21219,73257.31848,0.87,12.76,492.12,8825.77,86.31,8419.76
19/08/2020,5.218,348698.2862,91.3431,74304.66316,0.89,12.55,543.21,10080.86,84.6,8149.36
20/08/2020,4.83779,343745.03,94.85343,129691.7864,0.85,12.2,556.27,10676.16,83.15,7885.48
21/08/2020,5.24317,311733.317,82.38489,73075.5,0.79,11.44,548.43,9893.06,82.84,7745.89
22/08/2020,h,h,10.21699,5101.553712,0.57,8.52,498.88,7381.02,67.47,5378.04
23/08/2020,h,h,6.25805,2309.260619,0.4,5.74,468.13,6217.56,55.33,3644.85
24/08/2020,6.58593,333928.2728,98.74547,83752.09524,0.74,10.92,551.02,10572.5,85.94,8463.53
25/08/2020,5.64791,298166.4584,84.34695,84795.3,0.69,10.72,561.84,10383.43,84.25,8235.26
26/08/2020,5.4014,325631.8008,86.74732,72173.2971,0.59,8.96,552.49,10182.13,84.69,8089.01
27/08/2020,5.04637,345737.4538,78.45805,91501.50673,0.71,10.98,544.74,10028.61,82.46,7961.93
28/08/2020,5.64489,438112.2181,99.63776,104857.6817,0.68,10.14,549.31,10209.71,84.46,8356.87
29/08/2020,3.6337,106150.578,55.41864,52715.93864,0.64,9.88,545.21,9725.31,79.38,7460.01
30/08/2020,h,h,7.16762,3005.022475,0.4,5.86,493.79,6981.95,61.84,4558.37
31/08/2020,5.924,548654.7396,144.05671,135291.7406,0.74,11.35,586.69,13211.82,99.18,11166.77
01/09/2020,5.09427,501536.6297,177.42611,107664,0.58,9.52,651.97,13916.88,105.8,11202.5
02/09/2020,4.41475,305051.6719,109.32014,91611.05032,0.59,9.35,638.42,13151.17,99.58,9936.08
03/09/2020,5.21664,346040.8023,101.54273,85520.63938,0.6,9.42,625.8,12827.3,97.5,9674.66
04/09/2020,5.24422,362471.639,107.01077,78163.13063,0.6,9.09,621.85,12457.52,96.34,9454.77
05/09/2020,4.05464,117484.831,79.37312,54112.32505,0.5,7.9,624.89,12215.88,93.69,8705.94
06/09/2020,h,h,10.03865,3376.366586,0.36,5.31,567.97,8642.76,73.72,5258.82
07/09/2020,5.39484,345392.3927,123.88269,95539.31085,0.54,8.9,634.74,13010.41,102.45,9747.71
08/09/2020,5.46079,337556.6662,114.03858,75912.78105,0.65,9.78,662.23,12601.81,98.49,9174.53
09/09/2020,5.19718,331850.0797,108.28252,73881.37454,0.59,9.5,571.75,11563.73,99.12,9378.05
10/09/2020,5.1621,369509.4649,105.52207,93675.87732,0.46,7.96,646.68,12688.59,97.39,9062.37
11/09/2020,5.32182,345918.0037,101.50487,83557.30663,0.42,7.41,624.04,11651.3,93.64,8415.24
12/09/2020,h,h,15.73814,6908.111975,0.52,8.34,609.7,10366.6,89.39,7007.85
13/09/2020,h,h,8.22108,3059.836831,0.34,4.94,474.74,6184.07,78.39,4565.94
14/09/2020,7.12857,418991.0544,105.94184,96404.50991,0.52,8.76,631.44,12516.37,105.12,9221.01
15/09/2020,5.8234,421665.2454,90.05055,87166.61913,0.53,8.76,623.6,11916.68,102.22,8818.39
16/09/2020,5.35512,361101.3285,89.58969,71414.00782,0.53,8.74,628.73,11547.25,91.44,8276.72
17/09/2020,4.36548,435869.579,72.44774,68343.72863,0.53,8.43,402.75,7127.67,86.41,7634.38
18/09/2020,5.36596,391358.6212,87.1769,80594.07238,0.61,9.41,637.88,11307.57,90.09,7784.73
19/09/2020,4.23745,104893.1716,57.535,46868.9,0.55,8.74,614.3,10245.52,88.28,7319.18
20/09/2020,h,h,9.08798,2903.558855,0.48,6.61,454.37,5724.58,73.79,4576.15
21/09/2020,5.61274,413644.6442,81.87284,77983.67055,0.67,10,636.98,11767.97,96.92,8804.35
22/09/2020,5.50098,396026.2857,80.76635,75697.37933,0.62,9.35,622.35,11255.24,93.6,8471.09
23/09/2020,5.16403,387461.5638,72.82705,83977.42584,0.55,8.6,607.23,10715.09,92.84,8271.95
24/09/2020,5.23753,387661.686,76.90416,84676.82277,0.53,8.51,601.18,10459.95,95.23,8153.98
25/09/2020,5.74561,436131.95,80.40415,104738.9025,0.6,9.13,604.82,10540.49,89.54,8193.48
26/09/2020,h,h,15.56588,7228.25806,0.57,8.76,501.38,7561.24,85.03,6861.94
27/09/2020,h,h,8.74647,2602.933519,0.41,5.77,592.81,7868.89,73.98,4494.32
28/09/2020,7.39405,516324.8095,103.68983,115189.7973,0.56,9.08,631.77,11503.91,96.98,9205.65
29/09/2020,6.26027,577598.0552,100.27165,122193.0722,0.59,9.39,599.96,11212.75,98.01,9422.63
30/09/2020,6.35259,877525.571,173.4922,184548.9602,0.63,10.27,655.34,14482.65,111.1,11567.34
01/10/2020,5.90785,551899.8754,214.37636,134019,0.55,9.64,690.78,15154.61,117.41,11846.45
02/10/2020,h,h,23.00559,7405.192421,0.38,7.68,668.2,12182.05,100.43,8186.54
03/10/2020,5.6141,144909.6254,103.71117,67722.4,0.35,7.79,660.31,12936.91,106.86,9794.51
04/10/2020,h,h,14.42776,3802.887993,0.26,5.39,621.62,10048.45,88.23,6323.15
05/10/2020,6.22482,415956.7969,126.92162,91202.88652,0.39,8.97,662,14138.9,118.28,11409.38
06/10/2020,5.77381,365257.5546,124.68324,98705.96755,0.39,8.73,663.59,13442.54,109.04,10156.25
07/10/2020,5.6026,331520.2855,146.13199,89487.50266,0.37,8.15,707.29,13835.59,107.93,9860.46
08/10/2020,5.34423,332749.823,128.26375,80587.3698,0.38,8.31,700.44,13802.48,108.67,9800.6
09/10/2020,6.157,511794.4441,129.38494,98211.42782,0.37,8.1,703.69,13478.59,105.94,9594.28
10/10/2020,h,h,20.5708,7937.815308,0.36,7.84,679.11,11765.56,100.6,7998.82
11/10/2020,h,h,10.79067,2827.44339,0.25,4.73,625.09,8802.28,85.8,5258.54
12/10/2020,7.29959,406245.736,135.22794,99380.27992,0.39,8.47,690.28,13602.65,110.53,9983.91
13/10/2020,6.17151,407446.7844,109.78343,88846.76995,0.32,7.26,659.71,12201.05,91.01,8047.83
14/10/2020,5.73293,362033.9587,100.22058,82707.93156,0.38,8.39,685.48,12826.95,109.52,9209.7
15/10/2020,5.48242,457016.298,100.94035,91051.12635,0.4,8.72,716.06,13768.29,105.73,9368.42
16/10/2020,5.85115,384628.1068,105.76827,83795.94139,0.38,8.1,676.8,12787.33,104.89,8830
17/10/2020,4.70302,116084.9069,72.94191,58570.14955,0.37,7.99,697.41,12953.33,102.3,8493.54
18/10/2020,h,h,10.43098,3382.561086,0.3,5.66,641.64,9860.13,86.78,5338.86
19/10/2020,6.62632,395395.1538,92.13717,89077.47399,0.41,8.74,686.15,13562.8,106.43,9547.04
20/10/2020,6.28746,330476.9316,98.08463,90711.95101,0.42,8.94,676.48,13103.34,105.56,9231.26
21/10/2020,5.86878,303267.7072,92.54981,79993.57282,0.4,8.82,688.79,13438.16,103.81,9056.48
22/10/2020,6.08322,331318.0267,94.7875,101560.5825,0.4,8.92,657.31,12591.02,103.17,9107.09
23/10/2020,6.38642,403402,108.60778,100875.528,0.4,9.31,665.35,12525.03,104.51,9216.89
24/10/2020,h,h,16.75565,7643.93809,0.4,8.66,638.52,10719.74,96.98,7551.62
25/10/2020,h,h,9.48401,2518.826522,0.26,4.96,566.26,7661.96,77.17,4469.52
26/10/2020,5.39211,352037.1804,78.83423,88236.87975,0.35,7.35,633.45,11007.26,96.48,7915.29
27/10/2020,6.81384,362460.3,88.15376,90351.17883,0.4,8.7,648.1,11851.51,104.09,9205.72
28/10/2020,6.38413,424170.4395,102.93271,93309.44064,0.38,8.46,645.16,12124.43,102.74,9341.63
29/10/2020,6.60254,595760.2796,153.22675,173460.1231,0.37,8.49,664.37,13283.1,107.25,10468.61
30/10/2020,h,h,35.72551,29253.25139,0.42,9.08,671.68,12259.09,105.78,9568.04
31/10/2020,5.90546,210213.5106,112.78956,98751.24549,0.37,8.26,725.07,14391.61,115.8,10464.29
01/11/2020,h,h,19.54492,5062.708028,0.25,5.37,719.36,11976.23,106.31,7578.92
02/11/2020,7.72716,441630.5059,206.02203,125966.5151,0.35,8.76,772.71,16403.19,130.14,12651.91
03/11/2020,6.41794,355283.6374,121.42494,93701.84766,0.33,7.87,765.2,15169.76,123.76,11428.34
04/11/2020,6.25696,306799.1974,121.57645,93364.09455,0.34,8.18,762.26,15271.56,122.85,11182.2
05/11/2020,6.07599,340653.4394,132.57373,99001.4623,0.33,7.96,726.68,13736.53,122.55,11031.72
06/11/2020,6.23207,410886.4575,137.35512,129518.8888,0.32,7.3,775.2,14875.48,120.62,10467.96
07/11/2020,5.2736,118637.6069,113.57985,67719.22985,0.32,7.03,780.74,14334.9,121.28,10130.79
08/11/2020,h,h,13.35645,3863.69518,0.26,5.16,772.49,11178.77,101.93,5940.04
09/11/2020,7.14611,411694.3547,159.10394,98539.20432,0.35,8.1,748.79,14434.11,130.04,11757.3
10/11/2020,7.00933,409973.068,133.54451,108074.9977,0.37,8.31,837.68,15796.87,128.18,11399.98
11/11/2020,7.00302,328549.9782,139.1549,105358.5992,0.39,8.85,809.79,16033.53,134.25,11537.88
12/11/2020,7.03758,460988.8515,144.77063,128408.744,0.45,10.54,818.7,16137.97,137.83,11762.48
13/11/2020,6.50467,381366.5342,158.2599,104142.2943,0.48,10.92,793.01,15237.8,135.73,11329.65
14/11/2020,h,h,11.51934,4261.216421,0.4,8.2,739.7,10494.83,103.86,6309.12
15/11/2020,h,h,8.52676,2582.819775,0.22,4.54,663.59,8643.49,83.66,4720.71
16/11/2020,3.06118,74861.87878,58.68639,40083.28646,0.33,7.48,725.27,11787.88,102.85,7520.79
17/11/2020,5.75287,445473.0448,90.48738,84940.70593,0.39,8.68,762.78,13038.57,110.24,9056.24
18/11/2020,5.66391,345450.69,95.48292,75166.79966,0.38,8.49,768.4,13252.11,109.41,9044.24
19/11/2020,5.76439,364393.8085,75.30967,110465.9971,0.37,8.04,751.04,12885.59,109.29,8942.99
20/11/2020,5.67127,367098.7917,78.16036,81922.20676,0.34,7.44,754.39,12391.65,105.36,8476.38
21/11/2020,4.46643,103231.7427,52.6609,48245,0.30437,6.8319706,725.52731,11426.85419,98.46964,7406.156763
22/11/2020,h,h,9.4433,3245.810948,0.24756,5.0561434,680.90251,9239.926594,88.27516,5201.386591
23/11/2020,6.57984,393145.882,88.55712,82512.42354,0.35517,8.2061916,725.318,13061.31622,113.5402,9456.66
24/11/2020,6.35895,406333.0138,80.93949,80953.0053,0.37391,8.7526159,663.51545,11841.28873,109.1595,9228.08732
25/11/2020,5.90784,430013.899,88.77712,91574.48045,0.36,8.44,648.03129,11564.67337,104.572,9033.98728
26/11/2020,4.45926,376936.9049,73.48358,92892.46581,0.33,7.93,669.09398,11676.4994,102.00366,8376.488287
27/11/2020,7.89205,620878.545,152.5194,155237.5031,0.33762,8.1397448,729.96046,13687.62233,114.18889,10292.8818
28/11/2020,h,h,20.8364,10959.48504,0.39585,9.5448365,679.98757,11982.56619,107.75344,8537.805731
29/11/2020,h,h,11.56515,3878.078419,0.27711,5.9211863,641.00979,9651.968849,94.45885,5863.942308
30/11/2020,3.53594,93373.62099,136.87418,86608.92211,0.38,8.63,691.16,13785.63,118.6,10792.05
01/12/2020,7.56112,560688.8626,210.9885,134243.3504,0.32,9.13,716.24,15048.41,127.95,12382.15
02/12/2020,6.75837,486971.8791,148.66955,108489.7603,0.26,8.04,692.08,14400.62,116.74,10736.98
03/12/2020,5.99054,412665.6975,135.59583,103032.9173,0.26,8.26,634.55,12916.16,135.97,11832.86
04/12/2020,6.34997,471564.0467,142.38499,101255.5308,0.28,8.62,761.09,16061.54,120.63,10990.5
05/12/2020,5.12844,153715.6523,107.34507,67817.06001,0.26,7.9,776.24,16093.79,125.96,10573.95
06/12/2020,h,h,17.73223,4196.104886,0.18,5.13,706.27,11486.81,106.56,6580.43
07/12/2020,6.59382,387482.7638,153.81287,112269.1838,0.28,8.22,755.12,15716.32,122.81,10842.58
08/12/2020,5.25317,306046.6782,117.2692,78990.95258,0.24,7.05,574.97,9967.03,118.53,10021.78
09/12/2020,5.97083,324613.8261,112.50092,80482.6,0.28,7.74,791.01,16560.21,125.07,10353.7
10/12/2020,5.8611,419828.4179,110.87586,112415.8288,0.27,7.57,763.53,15404.8,120.39,10212.12
11/12/2020,6.45687,490757.0817,116.58304,108995.0627,0.23,6.85,750.49,14329.14,111.85,9374.22
12/12/2020,0.00017,0.1210545,19.07738,8743.493973,0.18,5.45,711.02,12251.73,102.65,7551.56
13/12/2020,h,h,9.49738,3210.349668,0.18,4.68,684.78,10004.15,96.95,5617.56
14/12/2020,8.36565,494235.5727,121.26711,110021.6476,0.28,7.65,724.92,14107.85,121.79,10478.33
15/12/2020,7.11691,485685.3685,106.89058,104320.9205,0.3,7.07,744.48,14510.2,125.29,10278.35
16/12/2020,6.47893,379476.9545,99.65014,81099.35724,0.32,7.82,700.36,12973.1,122.34,9724.48
17/12/2020,6.29892,439900.0596,87.93459,97403.81823,0.33,8.15,737.96,14062.04,112.84,9252.25
18/12/2020,6.39965,426752.652,102.16033,92657.5155,0.3,7.55,731.5,13170.33,116.65,8991.78
19/12/2020,5.27755,131707.3713,64.87209,56697.64866,0.29,7.51,738.81,12971.61,111.18,8460.5
20/12/2020,0.16168,1386.569852,10.57106,3398.393895,0.23,5.16,694.92,10002.15,96.87,5397.43
21/12/2020,6.99902,421124.0495,108.45035,95046.88078,0.33,8.07,740.09,14261.92,116.35,9896.44
22/12/2020,6.6335,409815.2895,97.31612,96406.62878,0.35,8.18,735.6,13675.52,113.06,9606.83
23/12/2020,6.68986,469209.4241,101.47594,94219.62684,0.34,8.25,739.01,13802.86,112.53,9271.94
24/12/2020,7.87156,749113.8855,113.11915,136385.2149,0.32,7.81,739.72,13897.71,113.41,10019.54
25/12/2020,0.53772,5068.027465,17.95711,9024.126154,0.40721,9.1110247,702.45483,11018.97839,102.9495,7021.651626
26/12/2020,0.50891,4031.954891,19.82057,8061.024931,0.57693,11.1555179,706.66956,11261.77688,99.38365,7165.566511
27/12/2020,0.15556,1311.57016,9.90124,2959.753384,0.39487,7.1881942,647.91652,8703.109205,87.28984,4918.978219
28/12/2020,9.55666,529214.1662,144.4231,138037.8243,0.53,10.76,734.21,14095.93,118.51,10785.37
29/12/2020,7.7058,430915.4767,124.60752,104395.3933,0.47,10.62,712.67,13676.88,112.08,10393.08
30/12/2020,7.50598,539024.1763,144.80199,123950.4729,0.46,10.71,724.92,14315.01,113.39,10915.73
31/12/2020,7.29091,726812.7515,198.59766,180075.7237,0.48,11.06,767.98,15428.54,128.96,12676.07
01/01/2021,4.5049,426004.3095,178.39422,98747.56538,0.31,7.23,767.15,14291.54,115.56,9706.83
02/01/2021,4.95821,158391.8149,91.0935,56094.52303,0.36,9.08,792.19,16441.23,121.68,10670.38
03/01/2021,0.20889,1883.30349,16.55842,4465.101125,0.27,6.1,712.39,11999.27,100.87,6925.4
04/01/2021,7.00444,484059.8618,128.86308,88505.79878,0.39,9.74,797.78,17216.59,125.94,12061.39
05/01/2021,6.56812,378006.8732,143.44358,89250.15976,0.38,9.45,782.2,16391.11,124.11,11556.74
06/01/2021,6.3213,396123.2562,119.44732,104962.8668,0.36,8.9,795.3,16315.32,121.71,10857.3
07/01/2021,6.54382,372890.5407,131.19377,99181.08967,0.36,8.83,786.63,15903.99,120.31,10822.03
08/01/2021,7.17656,389500.6831,137.05083,98740.75942,0.36,8.87,765.97,15067.11,116.93,10622.63
09/01/2021,0.7201,5664.73959,32.33929,11073.92007,0.37,8.9,755.92,13575.18,113,9006.03
10/01/2021,0.18961,1753.310612,13.61922,3630.010262,0.25,5.43,730.55,11442.15,98.89,6124.66
11/01/2021,8.65776,422284.6365,170.19068,111765.0742,0.36,9.01,790.01,16385.67,129.59,11567.12
12/01/2021,7.1362,368551.1121,126.11619,87053.88053,0.43,11.08,796.26,16106.04,125.62,11060.55
13/01/2021,6.9965,388473.462,125.5773,85827.26685,0.41,10.2,799.33,15247.81,117.3,9951.27
14/01/2021,4.35292,358642.976,73.47862,72196.66261,0.32,7.81,709.06,12055.99,105.3,7871.07
15/01/2021,5.70442,469820.2075,92.03065,83293.01617,0.35,8.71,716.84,12896.46,103.3,8433.01
16/01/2021,4.65279,118257.9276,65.12171,49875.37313,0.32,8.08,736.58,13098.51,102.34,7951.18
17/01/2021,0.21369,2027.01843,10.87179,3569.077789,0.29,6.45,693.63,10040.86,92.32,5163.63
18/01/2021,7.18117,374041.0769,103.92269,77770.61814,0.4,9.7,742.75,14349.75,113.21,9934.98
19/01/2021,6.79265,413346.4158,99.2961,85327.60009,0.37,9.44,726.82,13969.89,110.88,9538.96
20/01/2021,6.67297,384415.5381,91.88,88084.08,0.41,9.91,768.51,15105.77,113.67,9776.08
21/01/2021,6.56248,411114.2495,100.41472,95097.93527,0.38,9.91,759.64,14635.65,112.56,9770.02
22/01/2021,7.30041,419421.1998,104.62988,91931.22535,0.44,11.2,751.68,14181.12,111.2,9680.66
23/01/2021,0.73162,6116.315232,21.94871,10255.28282,0.42,10.1,713,11968.34,103.96,7659.04
24/01/2021,0.19094,1623.733672,10.26767,3027.451111,0.31,6.49,589.58,8051.95,89.54,4933.85
25/01/2021,8.67083,509979.8847,125.8156,114972.2685,0.44,10.88,724.19,14185.07,113.1,10204.44
26/01/2021,0.38866,3450.527861,15.96436,7112.532724,0.38,8.92,682.29,10407.76,90.3,6222.34
27/01/2021,8.36759,499570.0276,119.7534,102287.9037,0.44,10.83,705.02,13936,108.53,10179.98
28/01/2021,7.20002,477736.9959,126.94315,108954.7738,0.43,10.62,691.55,13304.92,111.32,10203.63
29/01/2021,7.77721,694816.9522,164.87232,141785.6172,0.42,10.42,758.33,15526.32,122.41,11531.54
30/01/2021,6.59363,228651.5466,116.81182,84576.32808,0.41,10.16,778.35,15636.1,125.05,11291.88
31/01/2021,0.34017,3541.806734,17.01981,6453.722395,0.26,6.31,707.78,11448.43,105.02,7258.9
01/02/2021,7.08967,665839.2395,212.27135,119988.4302,0.39,11.14,835.85,18468.88,133.17,12923.83
02/02/2021,6.76516,367307.4253,135.65713,99880.43745,0.35,9.9,817.28,17017.33,132.75,11881.6
03/02/2021,6.53883,415146.7067,116.45338,84620.14786,0.34,9.59,809.71,16419.83,125.37,11167.91
04/02/2021,6.49525,366649.605,111.91581,90567.06565,0.34,9.39,813.15,16525.55,127.56,11476.32
05/02/2021,6.76887,424641.6389,136.92697,93802.71455,0.34,9.45,846,16576.05,123.8,10960.66
06/02/2021,5.47705,167888.1824,118.59456,77320.36097,0.32,9.04,859.11,16381.84,119.5,10332.56
07/02/2021,0.24956,2669.118272,19.40767,5794.893976,0.26,6.32,812.38,12158.01,103.58,6516.55
08/02/2021,7.3899,412132.1984,136.97047,89658.27265,0.37,10.06,830.29,16526.49,126.56,11361.57
09/02/2021,7.10939,387604.9229,123.84398,86466.00801,0.36,10.12,851.58,16665.88,123.07,11013.37
10/02/2021,7.03622,387604.3729,147.53326,87022.55283,0.36,9.89,863.77,17089,123.95,10964.25
11/02/2021,6.82459,408494.1521,118.39858,97278.83454,0.39,10.24,847.77,16136.53,124.1,10597.96
12/02/2021,7.45155,431333.3098,119.41565,118570.7088,0.38,10.3,836.08,15632.23,120.93,10378.63
13/02/2021,0.7292,5902.806544,23.79576,9909.022507,0.36,9.91,797.38,13406.04,107.66,8078.61
14/02/2021,0.21167,1987.781361,13.02792,3593.979105,0.24,6.38,760.56,10714.19,94.26,5416.61
15/02/2021,8.52655,412486.8166,121.1863,101663.2935,0.34,10.02,810.95,15853.05,118.89,10559.07
16/02/2021,7.30077,445831.3382,107.1074,87164.24054,0.38,10.67,803.9,15074.43,110.77,9567.47
17/02/2021,7.16472,388363.1383,103.29171,80830.71203,0.38,10.08,814.96,14883.53,109.43,9842.89
18/02/2021,7.09296,516048.854,111.63001,96849.75485,0.4,10.58,809.37,15014.25,107.72,9563.46
19/02/2021,5.77035,139847.4176,90.63713,70596.97782,0.39,10.33,788.06,13981.94,102.44,8996.59
20/02/2021,5.97991,158227.6433,75.01561,58485.40465,0.39,10.01,811.43,14406.39,106.15,8775.78
21/02/2021,0.24335,2450.697123,12.43779,3785.867123,0.3,7,753.9,10512.08,87.9,5223.28
22/02/2021,7.69026,463366.0333,105.0981,89760.51833,0.37,9.31,815.81,15458.36,109.26,10041.8
23/02/2021,7.39728,428270.9335,97.19313,91653.5077,0.42,11.55,810.66,14883.16,108.54,9865.76
24/02/2021,7.1455,452478.4101,93.79635,88987.88394,0.43,11.62,818.77,15108.13,105.89,9727.19
25/02/2021,7.64857,514353.1623,104.84557,122460.3886,0.41,11.69,810.92,15282.2,107.89,10258.55
26/02/2021,8.18952,668095.9173,212.74651,171542.1143,0.44,12.43,835.39,16838.18,118.51,12419.67
27/02/2021,1.07445,12110.54979,34.6078,19022.67362,0.43,12.32,848.63,15541.31,112.24,10162.68
28/02/2021,0.33444,3293.078249,17.26721,5566.967781,0.34,8.35,815.28,12507.9,97.84,7155.75
01/03/2021,9.31178,537969.9286,248.79195,144971.9229,0.38,12.45,931.35,20137.82,131.34,13199.46
02/03/2021,7.72982,438753.5726,139.51072,104322.6938,0.37,12.4,923.65,19359.29,130.66,13410.64
03/03/2021,7.48955,407679.7007,120.98206,92564.33407,0.31,11.25,887.95,18133.93,124.42,12433.85
04/03/2021,7.21444,422434.7915,132.412,99611.2841,0.36,11.46,918.98,18836.35,123.92,12242.41
05/03/2021,7.29174,503835.3768,137.3855,99205.38365,0.35,11.08,921.15,18226.84,122.88,11775.11
06/03/2021,6.07451,191181.4592,123.35611,79396.8,0.32,10.23,897.01,17171.99,114.27,10809.35
07/03/2021,0.28267,2711.043428,20.70414,5288.167391,0.25,6.99,870.99,13251.52,100.07,6727.74
08/03/2021,7.49123,519166.7729,140.44431,92520.81915,0.35,10.53,924.45,18178.63,118.23,10442.51
09/03/2021,7.7284,410144.965,131.83895,118466.2642,0.35,10.62,929.41,18159.23,126.85,11949.67
10/03/2021,8.20133,503847.1019,149.68329,125680.1395,0.39,11.36,959.21,19087.27,132.35,12171.25
11/03/2021,2.43026,66301.12107,61.16113,45080.8598,0.38,10.69,866.3,14920.18,115.32,9224.48
12/03/2021,10.22047,710480.4567,129.50458,131265.0043,0.39,11.75,892.83,16750.51,126.05,11221.19
13/03/2021,0.96433,8968.410571,28.75977,12408.49147,0.4,12.75,881.74,15106.81,116.28,9176.48
14/03/2021,0.27067,2532.941146,14.00916,4127.120715,0.32,8.94,778.18,10795.13,99.34,6270.46
15/03/2021,5.14107,617092.9353,119.89346,105248.6357,0.52,15.37,888.65,17078.68,127.07,11035.34
16/03/2021,4.21631,391733.4342,92.48023,73299.13283,0.45,13.34,879.7,15014.8,116.02,9520.45
17/03/2021,10.97469,567802.476,131.85692,125061.4384,0.47,14.31,889.05,17307.19,121.5,11279.16
18/03/2021,8.78451,565297.469,118.97005,131658.5869,0.48,14.58,887.01,16791.68,120.28,10998.05
19/03/2021,8.53732,572939.3565,113.05065,115868.0594,0.49,15.13,881.98,16549.78,120.82,10756.53
20/03/2021,7.19061,195597.3449,97.00101,77413.4946,0.24,7.61,893.8,16114.6,115.59,10061.08
21/03/2021,0.32711,4236.080908,15.86527,4768.889052,0.39,10.63,813,11625.59,97.09,5942.4
22/03/2021,8.76265,571043.1621,121.60784,109279.0906,0.53,16.45,873.17,16846.96,120.84,10978.54
23/03/2021,8.93532,539481.2662,128.21426,117018.9782,0.55,17.43,873.33,16338.27,117.79,10811.55
24/03/2021,9.0331,589507.9934,121.80584,130907.9186,0.58,18.15,880.58,16911.96,118.75,11021.39
25/03/2021,9.8455,701189.8718,133.66283,135521.9862,0.62,19,888.41,17301.18,122.95,11869.6
26/03/2021,10.86593,904710.0253,141.46908,160337.0083,0.68,20.38,905.65,16867.73,123.44,12111.47
27/03/2021,1.24683,11933.59978,34.12465,15760.71238,0.78,22.27,883.98,15316.88,115.17,10017.64
28/03/2021,0.33314,2592.227768,19.9861,7917.341438,0.58,13.84,820.79,10761.31,93.85,5927.21
29/03/2021,2.98408,81789.35769,95.85516,77997.34338,0.19,5.12,689.6,9607.64,76.74,6064.63
30/03/2021,11.40636,875812.7588,180.35275,200203.3425,0.58,14.95,856.44,16167.59,110.75,11787.65
31/03/2021,11.06327,1063447.595,236.65244,303157.2847,0.73,19.78,928.51,20169.11,130.81,15998.78
01/04/2021,0.49087,6573.299778,48.18686,18730.59767,0.19,9.08,769.5,14169.04,102.39,10151.27
02/04/2021,2.48064,69960.35561,110.21541,52649.8579,0.7,19.37,898.85,16537.44,124.09,11200.42
03/04/2021,8.30448,368590.1133,130.13464,95717.60895,0.58,16.77,963.87,19547.72,129.49,13089.15
04/04/2021,0.33054,3065.903465,23.0153,5560.304109,0.42,10.85,883.7,14296.25,104.41,7879.35
05/04/2021,8.12249,652151.6564,141.88501,114052.2578,0.63,18.01,949.94,20006.52,131.99,13685.68
06/04/2021,6.8987,474135.4626,120.01465,85052.54543,0.54,16.19,924.3,18445.55,120.82,11934.6
07/04/2021,7.39254,439191.8827,140.21979,89349.36493,0.54,16,956.92,19190.78,125.09,12561.93
08/04/2021,7.07509,371212.7576,161.38866,88471.31953,0.53,15.19,960.63,18638.51,122.31,11803.57
09/04/2021,8.00752,469086.9406,147.48081,130138.2047,0.53,15.46,1004.67,18858.61,123.27,11825.28
10/04/2021,0.87934,7325.533886,31.53195,11079.91791,0.49,13.74,930.11,16956.53,109.72,9573.76
11/04/2021,0.27604,2120.936965,18.50893,4549.636512,0.35,9.12,855.49,12806.86,94.54,6464.15
12/04/2021,9.92412,549920.7495,188.19771,114264.8595,0.54,16.19,1004.36,20461.95,132.41,12773.08
13/04/2021,4.81949,110362.8504,82.68473,50772.63218,0.52,15.37,927.55,16563.22,118.62,10289.53
14/04/2021,1.21052,15259.3795,32.94336,18802.74337,0.49,14.05,896.17,15217.21,110.79,8866.7
15/04/2021,8.49268,626379.9955,136.93214,118225.6541,0.47,13.92,901.22,17662.85,114.5,10943.63
16/04/2021,7.52187,512759.2657,127.8404,98245.03215,0.51,14.95,909.1,17173.74,116.53,10608.11
17/04/2021,5.29703,131739.2583,78.28501,49459.29072,0.42,13.11,864.75,15764.69,103,9074.59
18/04/2021,0.21167,1741.113769,14.60486,4381.623636,0.28,8.33,809.01,11456.18,83.88,5636.82
19/04/2021,7.28835,454672.0545,113.25187,81231.71889,0.53,15.16,920.28,17808.09,108.61,10128.24
20/04/2021,6.90217,407029.2006,123.44681,83443.08136,0.53,15.6,902.51,17153.95,109.18,10209.3
21/04/2021,3.0021,61411.14223,61.34049,41434.66488,0.53,15.1,864.43,15185.21,97.72,8675.78
22/04/2021,7.028,469273.201,106.53746,98824.29793,0.54,15.98,848.75,16262.77,100.98,9557.17
23/04/2021,6.51404,398034.3405,112.03291,83334.20254,0.55,16.8,845.72,15809.46,99.14,9640.3
24/04/2021,0.76973,6361.891831,24.26562,9153.251088,0.43,13.43,765.01,13210.5,80.45,6963.52
25/04/2021,0.23202,1983.104577,14.51675,3356.566252,0.29,8.56,705.54,10166.47,64.24,4729.37
26/04/2021,7.23952,422951.7542,93.31053,99261.69207,0.53,16.03,838.52,16495.37,100.6,9710.9
27/04/2021,6.54567,373877.6895,82.34688,74684.93875,0.52,15.97,803.07,15635.89,98.74,9658.21
28/04/2021,5.95525,402717.8365,98.90817,75798.04059,0.53,16.32,806.7,15920.58,94.76,9458.31
29/04/2021,5.82745,422971.8661,103.26527,101987.9856,0.52,15.96,823.09,16046.25,94.67,9745.75
30/04/2021,6.48067,570006.2236,195.41625,144220.6668,0.59,17.66,876.85,20215.49,112.74,12703.87
01/05/2021,1.5833,40700.78835,115.19277,41589.95499,0.41,13.44,862.39,18140.21,104.8,10646.35
02/05/2021,0.26654,2219.488009,27.26438,4687.676866,0.28,8.24,793.73,13692.47,78.41,6749.53
03/05/2021,5.98835,416529.3385,173.28729,86615.1466,0.44,13.77,877.17,20191.07,116.63,12312.89
04/05/2021,5.49653,378147.687,137.53768,75226.76624,0.49,15.37,893.11,20005.02,114.35,11591.18
05/05/2021,5.30908,389557.5519,145.2056,83145.77685,0.49,15.15,877.04,19438.15,110.74,11266.32
06/05/2021,5.17325,425737.549,133.81414,88975.6604,0.5,15.11,853.5,18425.68,103.69,10467.42
07/05/2021,5.62024,376375.7854,151.44055,93337.43166,0.49,14.77,863.12,18247.77,105.68,10408.47
08/05/2021,0.81158,6651.052045,32.24988,10075.07212,0.45,13.82,834.5,16365.41,92.99,8612.39
09/05/2021,0.26507,2143.048408,19.56444,4200.496833,0.3,8.71,794.03,13425.59,80.24,6277.19
10/05/2021,6.69335,464772.2314,148.92731,97599.55071,0.49,14.79,849.17,18772.21,99.05,10295.57
11/05/2021,5.56057,397066.3862,97.72616,72872.0575,0.52,15.55,900.09,18267.37,100.11,9957.27
12/05/2021,5.31001,432216.9701,97.00418,83959.04297,0.49,13.82,857.68,17402.93,94.56,9296.18
13/05/2021,4.21275,106048.4966,72.7862,55687.98218,0.52,14.62,851.7,16038.79,92,8511.6
14/05/2021,2.35523,340774.3894,49.55454,41116.04489,0.55,13.76,811.67,14038.22,83.66,7189.25
15/05/2021,4.15976,130657.0074,59.01846,42778.51663,0.77,17.84,805.25,14824.99,82.41,7528.11
16/05/2021,0.26405,2218.759266,15.35696,3739.829347,0.63,13.91,712.83,10804.95,68.94,5139.88
17/05/2021,5.62572,370280.3258,88.70352,68827.41758,0.84,19.71,800.15,15977.6,87.67,8757.45
18/05/2021,4.87997,333240.6993,76.47228,71192.05572,0.78,19.31,803.01,15314.82,84.06,8218.29
19/05/2021,4.94175,364105.8475,75.92699,64861.78672,0.71,17.66,803.03,15542.35,89.09,8487.11
20/05/2021,4.86898,393008.3093,78.55945,71532.57055,0.78,17.77,793.42,15265.44,88.67,8488.18
21/05/2021,5.34414,367400.0162,81.44184,70075.96881,0.84,20.1,797.68,14967.99,85.19,7973.03
22/05/2021,0.79961,6918.936202,22.26083,8417.143118,0.73,17.96,772.38,13312.11,78.93,6801.02
23/05/2021,0.27412,2103.157209,11.15242,2821.104579,0.45,11.35,756.08,11237.42,72.32,5154.26
24/05/2021,6.65767,424089.9638,91.10442,95371.03511,0.76,18.87,800.3,15851.67,87.26,8863.4
25/05/2021,5.7682,453025.8698,85.54207,79624.56037,0.72,18.67,799.33,15027.36,86.7,8442.06
26/05/2021,3.09396,71783.25084,53.19373,38424.44076,0.71,17.99,682.56,12817.62,82.9,7449.62
27/05/2021,5.81195,474938.8795,76.16604,91443.2818,0.65,16.55,775.33,14644.79,84.49,8020.21
28/05/2021,5.53487,559655.2889,95.18917,86614.95669,0.62,15.56,802.27,14803.08,84.13,8340.1
29/05/2021,3.79888,114824.6365,58.38159,49138.8621,0.64,16.62,793.03,14114.81,81.45,7589.33
30/05/2021,0.31279,2507.910336,15.88575,4267.871431,0.51,12.41,769.66,11414.94,71.38,5342.91
31/05/2021,6.56163,516899.8048,179.4763,131238.9241,0.69,17.93,906.61,20732.78,106.11,12112.87
01/06/2021,5.43491,449362.8252,237.68844,98894.41954,0.55,16.24,978.07,21837.51,117.92,12615.42
02/06/2021,5.41562,346178.7231,124.39289,75164.19901,0.55,15.91,981.37,20668.35,110.79,11264.75
03/06/2021,5.24504,348751.5362,113.53395,80124.66235,0.53,15.14,928,19629.84,105.12,10689.35
04/06/2021,5.59012,449171.9914,120.98752,84235.06819,0.57,15.12,908.24,18987.07,104.49,10414.92
05/06/2021,4.04242,143304.0133,84.46025,51654.26665,0.54,13.68,921.2,18465.68,98.88,9299.53
06/06/2021,0.3063,2416.119986,22.0643,4656.633969,0.39,9.41,850.62,13881.64,82.44,6182.58
07/06/2021,6.50302,393387.3154,150.93697,100867.2797,0.62,15.67,958.53,20566.61,111.15,10926.89
08/06/2021,5.92599,346983.0256,128.52526,77463.90191,0.58,14.55,959.49,19555.25,106.48,10269.49
09/06/2021,5.80315,364541.6194,113.29498,70541.95192,0.59,15.26,959.32,19616.4,104.08,10165.87
10/06/2021,5.93752,375251.0718,115.44547,75218.01398,0.58,14.57,960.68,19826.78,105.65,10082.94
11/06/2021,6.41469,384224.0309,109.37838,82085.76774,0.6,15.54,948.41,19013.39,102.01,9796.61
12/06/2021,0.89989,6842.01559,28.79894,10027.85413,0.53,14.62,914.84,16646.22,94.05,7817.94
13/06/2021,0.27546,2324.104256,17.09131,3960.163728,0.37,9.39,851.65,12899.97,79.31,5269.94
14/06/2021,8.02965,466125.4554,116.8401,94876.28486,0.66,16.61,973.72,20359.99,106.61,10510.13
15/06/2021,6.66883,425517.0086,126.4998,84239.86525,0.7,17.04,968.59,19631.73,105.41,10154.54
16/06/2021,6.3513,431210.7252,118.69785,72698.23273,0.67,16.92,958.88,19341.99,103.78,9849.48
17/06/2021,5.91984,456917.4122,92.72155,79452.21585,0.61,15.66,914.54,17975.02,98.45,9155.56
18/06/2021,6.37297,446679.2282,95.13334,84439.99035,0.71,17.85,968.15,18847.37,101.08,9378.02
19/06/2021,4.57486,126612.498,63.81454,44683.10683,0.64,16.33,923.37,16946.72,92.46,8076.8
20/06/2021,0.30331,2390.863195,14.51481,4384.24984,0.53,12.18,861.58,12949.17,77.76,5128.47
21/06/2021,6.88567,464854.2604,88.97784,86115.8576,0.72,18.03,967.74,19694.06,104.23,9869.31
22/06/2021,6.29334,489951.0118,94.43887,79700.72663,0.64,16.76,937.82,18529.74,104.03,9575.71
23/06/2021,6.43883,470258.6233,100.17273,81111.68545,0.75,19.28,886.08,16920.82,104.12,9646.56
24/06/2021,6.13501,462755.9107,85.84916,74167.2855,0.76,19.98,901.21,17171.85,106.47,9472.38
25/06/2021,7.00162,467608.2338,97.20025,104580.047,0.77,19.5,935.25,17648.46,104.51,9874.01
26/06/2021,0.98335,7856.4088,27.49036,10709.53535,0.73,18.84,923.18,15638.86,93.34,7912.01
27/06/2021,0.28715,2189.259849,16.86451,3969.582496,0.52,11.94,853.53,11945.99,77.88,5223.36
28/06/2021,8.69025,561183.8218,109.29302,103210.3597,0.79,19.71,957.51,19199.12,107.11,10813.07
29/06/2021,7.43941,521242.4815,106.46964,106376.7386,0.77,19.48,971.64,19122.24,105.77,10839.96
30/06/2021,7.96599,780897.8474,201.69238,168161.1912,0.75,19.12,1051.95,23855.32,123.07,13835.19
01/07/2021,6.18397,584812.1828,227.44549,112644.6553,0.6,17.07,1052.35,23416.77,134.92,13674.25
02/07/2021,6.29356,434130.3702,135.81091,85435.1628,0.57,16.29,1081.5,22773.32,127.9,11463.14
03/07/2021,4.57514,125135.1563,103.21389,50786.85155,0.58,16.28,1044.52,20784,114.77,10568.05
04/07/2021,0.38232,3262.937002,28.41237,6275.356633,0.42,10.74,979.48,16400.08,101.82,7683.55
05/07/2021,7.08676,385446.0942,146.14338,85999.70445,0.61,16.9,1092.2,23601.76,135.37,12691.55
06/07/2021,6.54962,409290.0164,141.39262,97029.04024,0.57,15.65,1027.63,21426.67,124.26,11839.15
07/07/2021,6.67526,384483.3934,145.6275,84690.66484,0.53,14.33,1150,23158.49,126.81,11742.71
08/07/2021,6.23125,336757.3548,123.78091,86950.15769,0.59,15.53,953.67,19593.6,119.22,11425.05
09/07/2021,7.12996,570702.5332,132.33808,87631.03368,0.6,16.35,1151.69,22376.23,121.14,11332.29
10/07/2021,1.00847,8339.007813,37.08525,11467.5738,0.62,16.6,922.12554,17381.76285,112.28,9463.02
11/07/2021,0.29843,2319.031323,20.28108,4660.66422,0.41,9.99,935.44,14528.9,93.83,6168.12
12/07/2021,8.29463,465881.4601,123.10042,93953.33967,0.61,16.34,924.29,17865.05,119.24,11509.15
13/07/2021,6.91977,384052.7911,105.16097,79128.59799,0.59,15.86,1419.22,26954.63,114.2,10801.89
14/07/2021,6.74611,377578.2505,107.37404,80874.89045,0.64,16.52,1009.17293,19870.94251,113.07,10640.17
15/07/2021,6.58584,552245.1531,103.34666,99747.94098,0.64,16.06,1063.64,21013.1,113.43,10673.83
16/07/2021,6.49954,663828.9276,96.28671,82248.0877,0.62,16.06,1159.32,21440.28,110.09,10122.53
17/07/2021,4.97251,138087.0217,72.46305,44616.52327,0.59,14.48,1030.17,18400.77,106.41,8978.69
18/07/2021,0.30789,2316.268692,18.47169,4668.682871,0.47,10.66,915.12,12743.31,89.72,5698.98
19/07/2021,7.11331,476920.1043,97.76262,84968.76952,0.63,15.72,1049.52,20635.1,113.47,10461.61
20/07/2021,7.09005,456429.1707,116.37659,89912.30707,0.67,17.15,1078.12,20476.24,112.81,10319.91
21/07/2021,1.6235,26962.1253,46.4136,22758.11071,0.59,14.44,954.91,15421.19,95.73,7481.88
22/07/2021,7.6562,531412.62,101.64875,94698.34197,0.62,15.49,822.07078,15711.84684,100.12469,9241.052021
23/07/2021,7.24948,600948.5972,104.64086,93445.74455,0.63,15.83,1172.6,19889.5,112.68,9525.44
24/07/2021,0.9783,8409.482008,30.93347,10152.47729,0.6,14.47,978.07,15607.17,97.27,7484.52
25/07/2021,0.29104,2221.424474,22.41995,4238.378034,0.48,10.9,967.95,12927.13,91.07,5485.46
26/07/2021,8.71716,506124.6398,110.93927,98491.38581,0.68,16.47,1051.06,19885.25,116.94,10479.67
27/07/2021,7.29013,509362.7399,114.84425,87143.72221,0.64,16.35,1040.66,19262.96,113.1,10151.44
28/07/2021,7.07403,405039.8496,121.88184,86665.80226,0.66,15.69,1056.26,19325.52,110.36,10137.18
29/07/2021,6.85315,486878.1576,121.10434,100340.4751,0.66,16.14,1044.44,19154.18,116.54,10372.47
30/07/2021,7.23544,688815.2838,197.52829,151649.7202,0.72,17.72,1117.52,21272.89,130.41,11999.04
31/07/2021,5.73739,213121.9632,115.77611,81028.61822,0.68,16.37,1210.3,22584.56,135.66,11694.59
01/08/2021,0.35985,3101.477039,40.02272,7553.625846,0.42,11.4,1139.83,17991.95,124.69,8832.34
02/08/2021,7.07857,521204.3094,233.96063,106532.9031,0.59,15.71,1202.32,25029.23,142.10937,13465.84321
03/08/2021,6.52026,393898.9257,144.28726,85684.99859,0.59,15.11,1200.77,23649.82,136.24,12359.77
04/08/2021,6.50413,378185.3479,133.09206,83823.7633,0.65,14.87,1191.28,24030.66,138.62,12673.49
05/08/2021,6.55513,440000.0323,146.55714,92988.66326,0.62,14.48,1183.4,23718.76,135.53,12335.83
06/08/2021,6.54402,634345.3916,136.45478,105029.1824,0.56,13.25,1105.22,21095.72,125.58,11408.22
07/08/2021,5.19004,129476.9425,123.40161,59148.86659,0.55,12.78,1222.45,22910.2,118.87,10106.14
08/08/2021,0.34597,4625.274044,27.69697,5483.64972,0.44,9.76,1127.74,16658.61,109.12,7042.32
09/08/2021,7.28281,466709.5559,137.01733,86413.81261,0.64,14.86,1235.1,24086.79,135.07,12132.82
10/08/2021,7.08672,405982.145,128.28209,83470.50555,0.93,18.99,1247.03,24240.48,135.77,12232.89
11/08/2021,6.80555,413252.0972,133.81954,81649.02736,0.92,19.51,1218.33,23627.85,133.85,11955.11
12/08/2021,6.75621,476627.2159,128.25836,81455.83244,0.83,18.04,1187.33,22704.03,126.2,11126.2
13/08/2021,7.28789,659955.9115,115.9468,96104.57578,0.8,18.03,1152.84,20953.57,122.33,10652.83
14/08/2021,1.0705,8850.677516,33.83222,12709.42273,0.79,18.17,1147.81,19317.55,115.59,9348.34
15/08/2021,0.28472,2202.225508,23.4544,4309.827641,0.54,10.85,1062.92,14679.03,97.38,6216.67
16/08/2021,7.13379,165356.5056,122.5337,76543.98969,0.75,17.72,1137.05,21637.92,125.16,10937.6
17/08/2021,8.11014,573477.0089,120.24029,106196.9614,0.84,19.13,1145.32,21311.21,123,10914.18
18/08/2021,7.55104,492797.0594,131.16035,107105.0912,0.78,16.69,1141.79,21660.34,122,10764.7
19/08/2021,5.83344,130089.1087,113.82734,65267.62542,0.82,19.36,1148.7,20696.02,121.75,10104.67
20/08/2021,4.13781,456538.8652,81.1264,71184.88891,0.92,20.62,1115.08,18706.14,121.12,9382.72
21/08/2021,6.02422,152180.2337,77.37292,49997.19254,1.03,22.04,1173.5,19530.45,123.34,9518.31
22/08/2021,0.28728,2589.463541,19.69269,4198.664387,0.68,13.04,1060.53,13242.53,94.05,5428
23/08/2021,6.57666,453871.0625,85.86669,79375.02824,0.74,17.17,1085.96,19805.16,115.34,10134.66
24/08/2021,7.41449,415176.4434,111.21325,82915.93193,0.76,17.9,1097.23,19853.25,114.94,10338.54
25/08/2021,7.18274,396839.195,105.03651,86529.05786,0.8,18.32,1139.74,20927.52,118.71,10575.76
26/08/2021,6.99545,470985.2168,93.55974,104990.4669,0.81,18.56,1113.96,19824.58,119.01,10287.39
27/08/2021,7.94439,479572.9512,108.07445,108522.9121,0.85,19.96,1106.01,19367.36,122.4,10499.6
28/08/2021,1.20771,10013.59305,35.99287,14192.14568,0.86,20.73,1108.1,18119.46,116.72,9057.68
29/08/2021,0.33558,3140.281453,21.7371,4363.455609,0.72,14.86,1067.33,14334.35,102.24,6006.93
30/08/2021,5.02718,405254.9052,105.0003,94459.85421,0.94,20.84,1091.65,19281.64,124.28,10069.37
31/08/2021,9.08667,617996.2223,200.2101,161615.9618,0.87,21.03,1199.13,26124.77,136.11,14294.12
01/09/2021,7.27279,457615.5962,265.91567,118580.8429,0.62,18.44,1261.06,27148.4,142.31,13785.59
02/09/2021,6.95451,456484.9277,154.96004,102119.7101,0.58,16,1276.66,26154.15,145.68,13600.34
03/09/2021,6.76259,433005.709,136.12146,88679.54738,0.59,15.39,1245,23910.41,138.05,12442.5
04/09/2021,5.51713,130593.1429,109.57462,56153.88384,0.55,14.08,1237.38,23834.31,133.08,11888.4
05/09/2021,0.38628,3020.464927,29.38401,6389.292278,0.46,10.74,1088.95,16861.66,118.18,8116.53
06/09/2021,7.28346,475959.2543,138.63766,109031.5437,0.57,14.11,1221.17,24922.42,136.85,12590.17
07/09/2021,6.96566,450380.2501,180.18164,92137.3581,0.59,14.61,1139.79,21864.83,141.79,12627.87
08/09/2021,6.95751,367454.7911,146.56398,83737.29027,0.6,14.27,1264.05,24634.77,138.87,12076.84
09/09/2021,7.61928,525471.3977,153.00598,114507.2984,0.67,15.72,1284.19,24770.65,138.49,12151.4
10/09/2021,3.70097,76724.03174,91.07271,47411.22212,0.63,15.03,1209.37,21030.37,127.72,9711.99
11/09/2021,1.02528,8503.695075,35.06745,10469.31503,0.65,15.53,1178.8,20129.85,116.24,8944.78
12/09/2021,0.3254,2667.378902,23.30544,4417.210302,0.55,11.45,1136.16,15950.87,106.85,6363.31
13/09/2021,9.16009,536424.0054,134.15854,110822.5497,0.71,16.41,1205.56,23212.04,132.42,11667.11
14/09/2021,7.6123,423494.3907,120.52206,96354.16808,0.67,16.5,1214.27,22629.21,127.55,11105.87
15/09/2021,7.36276,522661.5938,116.86896,92648.78727,0.69,16.64,1239.98,23442.74,131.28,11394.29
16/09/2021,6.8789,448129.8901,104.333,95452.69862,0.66,15.96,1201.65,22094.58,126.56,10897.37
17/09/2021,6.46478,481786.7457,102.13167,91558.2624,0.73,17.01,1172.23,19888.28,122.39,9947.01
18/09/2021,5.4909,147802.7858,76.81211,53718.74657,0.67,16.16,1238.49,20854.06,122.36,9792.33
19/09/2021,0.38745,3059.040542,25.35337,5508.302226,0.6,13.21,1181.92,15698.53,105.28,6292.65
20/09/2021,7.59356,520298.7945,111.96184,89096.37097,0.75,17.87,1252.69,23232.53,131.81,11443.78
21/09/2021,6.9006,448186.0527,116.06477,92493.72645,0.71,17.1,1230.81,22157.2,124.68,10621.95
22/09/2021,6.91813,435404.247,123.52841,81215.05003,0.75,18.18,1237.91,21821.81,127.17,10793.62
23/09/2021,6.74096,463151.3164,102.21287,111930.9527,0.79,19.02,1232.23,21377.26,124.77,10549.64
24/09/2021,7.5525,534561.8419,114.10216,103696.8264,0.79,19.31,1236.65,20872.26,133.2,10794.21
25/09/2021,1.23366,10012.34649,41.84734,13053.54362,0.75,18.54,1220.15,19085.04,72.94,5764.96
26/09/2021,0.35093,3016.875488,24.17873,4743.624478,0.61,13.88,1168.2,14906.16,144.74,9027.57
27/09/2021,8.37676,555373.536,120.74816,114086.7862,0.86,20.39,1199.04,20756.07,126.15,10863.43
28/09/2021,8.26288,525908.2166,115.7611,102564.9914,0.89,22.12,1208.82,21099.09,129.21,11460.25
29/09/2021,7.99294,683609.5707,127.02433,125822.5982,0.83,21.4,1223.77,21981.12,132.16571,12027.94558
30/09/2021,8.51844,938869.1325,218.14048,201285.6848,0.85,22.6,1351.22,28327.61,150.05,15352.26
01/10/2021,7.75895,687406.5732,249.08267,146778.2055,0.62,20.74,1377.7,28370.06,154.92,15076.9
02/10/2021,0.8585,8034.83333,52.90405,13309.72567,0.63,20.03,1391.13,25337.11,140.93,11426.17
03/10/2021,0.3953,3091.253849,31.81454,6614.082158,0.47,13.15,1372.67,21845.73,129.97,8899.04
04/10/2021,9.06074,533691.3319,160.61717,112231.8092,0.64,19.3,1393.85,29292.41,156.09,14911.69
05/10/2021,7.86853,439927.0028,187.21339,113420.4781,0.6,18.29,1429.94,29189.41,154.99,14322.51
06/10/2021,6.76073,408945.5758,136.86018,105041.9182,0.59,17.57,1371.62,26288.98,142,13117.56
07/10/2021,7.72214,444033.3781,168.66926,108057.4666,0.64,18.66,1444.68,28676.31,149.48,13418.08
08/10/2021,8.39088,443157.5288,190.66826,116727.636,0.59,18.22,1421.83,27623.49,149.41,13552.98
09/10/2021,1.33841,10940.1258,47.18622,15693.24859,0.64,19.24,1346.3,24747.41,144.54,11793.58
10/10/2021,0.46121,3503.536677,29.43903,6268.317194,0.52,14.48,1359.89,21201.45,130.53,8527.19
11/10/2021,10.11267,467737.7087,166.18021,127816.7395,0.68,20.16,1378.29,28260.91,147.87,14160.16
12/10/2021,8.30918,451770.7078,132.10535,97120.20642,0.7,21.31,1388.67,27223.76,151.2,13209.52
13/10/2021,7.66279,401079.4511,126.65015,91160.42851,0.73,20.52,1376.47,26037.62,144.22,12582.68
14/10/2021,5.81884,508959.7099,120.57792,92870.66209,0.69,18.9,1334.18,24029.6,136.26,10998.41
15/10/2021,0.85848,12229.54057,34.33421,17114.30116,0.64,15.94,1268.71,18158.34,116.59,7790.85
16/10/2021,6.76313,201378.4251,83.74952,60970.72168,0.6,15.64,1285.28,22054.06,128.96,10122.04
17/10/2021,0.44289,3486.396947,24.58456,5332.692548,0.54,13.15,1185.11,16615.55,104.8,6429.55
18/10/2021,8.92025,537426.0879,135.38278,105368.3553,0.73,18.87,1347.86,25795.4,138.69,12411.34
19/10/2021,3.68563,71065.52177,73.21677,44730.07152,0.72,19.13,1309.54,23136.67,131.44,10634.83
20/10/2021,8.01666,468099.6725,116.4005,91185.40962,0.72,18.64,1348.32,24614.57,134.82,11773.9
21/10/2021,8.68034,564426.3538,151.47294,104972.2846,0.76,20.45,1330.33,24809.26,135.53,12255.87
22/10/2021,8.522,555929.1718,142.62502,114402.3241,0.79,21.03,1360.7,24402.71,135.19,12030.25
23/10/2021,1.35994,11349.63572,41.28422,13799.89871,0.77,20.27,1343.99,21969.69,132.68,10237.1
24/10/2021,0.43325,3317.936426,24.91969,5399.560607,0.68,15.77,1294.21,16990.59,115.87,6933.59
25/10/2021,10.44634,572994.794,155.10767,128347.2116,0.67,17.49,1331.98,25923.01,141.88,13483.05
26/10/2021,8.69042,472903.7019,115.39885,120579.8846,0.9,23.18,1350.28,25081.49,138.54,12886.95
27/10/2021,8.4221,433085.181,121.80621,99593.53725,0.88,23.7,1341.27,25168.12,138.24,12837.21
28/10/2021,8.52587,522592.7634,140.79314,118688.4537,0.96,24.31,1361.27,26359.34,140.57,13588.04
29/10/2021,9.0819,648912.6356,207.08164,171953.8375,1.04,26.33,1391.84,27747.43,147.57,15285.69
30/10/2021,8.05928,236918.3895,166.67572,110175.9732,1.16,29.09,1477.09,29919.39,154.19,15376.28
31/10/2021,0.68573,5972.987612,39.65982,10671.11612,1.05,24.74,1469.32,24537.12,138.74,10639.47
01/11/2021,8.87027,630058.4499,294.44438,144100.0505,0.91,26.3,1587.65,36035.24,183.7,18902.73
02/11/2021,8.28053,560192.2376,242.96292,125999.9414,0.83,23.24,1643.75,34915.78,183.29,17680.03
03/11/2021,7.36137,540167.0413,222.80019,132454.9963,0.93,25.65,1647.69,34613.47,187.85,17665.73
04/11/2021,0.93878,16800.87382,50.3344,19741.26125,0.78,19.56,1434.81,23307.44,142.56,10181.32
05/11/2021,2.48,76999.43139,72.6288,32337.27367,0.46,13.37,1326.01,22719.01,126.62,10094.35
06/11/2021,3.74751,179295.559,80.05227,55963.53879,0.6,16.29,1362.53,24416.19,131.11,10703.26
07/11/2021,0.41863,3454.055857,31.27823,6124.080691,0.49,13.13,1309.27,20543.84,116.73,8165.94
08/11/2021,7.42505,511097.6354,132.67354,112951.8578,0.62,17.74,1423.44,28222.58,142.74,13689.26
09/11/2021,7.37519,659571.2477,151.91051,88307.75493,0.61,16.73,1379.06,27462.69,141.37,13280.92
10/11/2021,6.7421,585922.4185,133.45715,87018.53883,0.59,15.1,1403.76,27572.23,136.96,12894.96
11/11/2021,6.70578,396316.7737,114.60688,77339.05381,0.56,14.59,1369.69,26145.08,130.21,12090.55
12/11/2021,7.69019,504095.6312,133.19861,96543.17577,0.61,16.77,1363.32,25519.53,134.2,12183.92
13/11/2021,1.27348,11199.43056,41.09314,13391.17409,0.68,18.66,1377.09,23325.29,127.02,10085.83
14/11/2021,0.40221,3089.606669,24.38227,5242.172337,0.58,14.27,1344.94,18867.22,116.05,7406.04
15/11/2021,9.29292,568475.8523,138.71043,108315.3734,0.7,18.64,1373.07,27088.45,139.71,13079.54
16/11/2021,7.65394,408308.0922,118.64558,86996.99732,0.73,20.6,1381.59,27011.12,135.31,12486.58
17/11/2021,7.56707,444793.4109,123.29296,86161.47596,0.66,19.43,1393.78,25755.18,133.87,12232.85
18/11/2021,7.58648,580374.537,118.25808,118872.744,0.66,19.93,1348.21,25291.94,133.28,12026.31
19/11/2021,3.25637,71767.39522,65.23734,44682.35031,0.69,19.97,1339.07,21545.81,121.71,9813.66
20/11/2021,6.90687,185506.6403,85.78882,57242.06079,0.66,19,1387.15,24225.89,131.89,11076.12
21/11/2021,0.41415,3597.543094,26.89725,5476.279204,0.6,16.47,1313.9,18070.98,111.92,6930.82
22/11/2021,7.68192,657430.6294,118.42709,93096.26491,0.62,18.82,1338.5,25248.75,134.15,12348.96
23/11/2021,7.97574,429550.3587,119.88672,92209.13224,0.73,21.05,1388.53,25616.77,135.87,12576.97
24/11/2021,7.50172,456233.3115,103.39846,88344.43374,0.7,19.91,1374.03,25221.2,137.56,12737.77
25/11/2021,7.57774,557596.968,104.08112,95940.18452,0.74,21.37,1392.49,25459.92,133.68,12487.65
26/11/2021,8.20646,561068.084,109.4615,110546.1425,0.71,20.68,1375.68,25509.28,134.1,12739.29
27/11/2021,1.31492,11675.16258,40.58801,14024.92172,0.71,21,1342.41,22251.27,126.17,10147.34
28/11/2021,0.42506,3293.408802,27.61565,5635.523737,0.67,17.83,1296.28,17817.14,115.36,7251.47
29/11/2021,9.9879,657938.8036,144.25794,134362.4583,0.78,21.95,1369.41,26386.44,137.35,14000.18
30/11/2021,9.07675,705907.6191,223.62869,175069.2164,0.79,23.49,1477.69,32270.36,157.95,17712.13
01/12/2021,7.31856,529383.0611,253.0492,125165.908,0.53,19.92,1531.04,33487.99,166.66,17732.59
02/12/2021,6.952,417700.7489,154.34266,109545.3302,0.51,18.33,1524.3,31446.32,155.11,15497.2
03/12/2021,7.1274,466623.58,141.88411,123838.4784,0.55,18.44,1480.12,28800.98,151.76,14716.03
04/12/2021,5.88855,140441.0243,126.32989,61524.48435,0.54,17.81,1542.54,29534.27,151.06,14073.24
05/12/2021,0.44727,3774.298116,33.85784,7114.624761,0.44,13.13,1478.36,23634.62,132.73,9465.51
06/12/2021,7.8935,526640.5979,150.64286,105344.6876,0.54,16.83,1488.74,30143.74,153.37,15209.9
07/12/2021,7.42237,451815.1946,172.38414,97398.30523,0.56,18.05,1535.97,30111.47,151.08,14537.51
08/12/2021,7.10311,401738.2131,155.46261,84758.20886,0.54,16.68,1510.03,28889.73,149.91,13887.96
09/12/2021,7.12028,497060.6324,154.56682,107789.4987,0.54,17.73,1452.73,27977.02,146.65,13712.88
10/12/2021,7.87314,562124.0534,157.42546,110951.3642,0.58,19.24,1382.76,25540.08,148.15,13717.39
11/12/2021,1.26921,10987.09846,46.57922,14428.02871,0.61,19.54,1450.98,25827.58,136.82,10951.15
12/12/2021,0.39513,3203.719772,29.29668,5810.771713,0.45,13,1392.11,20023.23,121.91,7657.16
13/12/2021,9.32847,594247.2323,146.35263,107331.0049,0.48,14.74,1407.12,26943.56,142.62,13918
14/12/2021,7.94113,598348.5793,125.69236,98052.23601,0.63,20.36,1484.81,28016.55,140.52,13409.54
15/12/2021,8.04913,584143.7531,130.59569,103217.9238,0.63,19.98,1512.54,28838.73,143.32,13556.82
16/12/2021,4.68154,466989.9713,111.2647,117531.1573,0.65,22.93,1456.96,26447.76,146.91,12445.24
17/12/2021,4.28704,523746.206,94.47205,88486.93172,0.7,24.6,1461.15,24999.17,131.7,11365.73
18/12/2021,8.01002,189315.5402,97.64343,66183.5824,0.64,21.79,1451.23,24668.99,131.1,11197.18
19/12/2021,0.43933,3605.720126,25.83804,6280.372835,0.59,17.41,1402.14,19087.16,115.82,6990.68
20/12/2021,8.90484,638841.22,122.5302,101714.4592,0.74,23.23,1489.36,29184.65,141.56,14056
21/12/2021,7.98344,559568.798,120.14887,102044.3241,0.72,24.01,1467.81,27086.37,138.59,12916.5
22/12/2021,7.79733,567290.6468,128.83202,92890.42821,0.75,23.97,1489.94,26892.86,141.44,12829.46
23/12/2021,7.547,514913.4579,113.62772,103085.4475,0.78,24.29,1494.64,26454.72,141.42,12749.34
24/12/2021,8.06914,532867.0215,122.66141,106670.2448,0.8,25.26,1491.2,25817.61,146.76,12950.79
25/12/2021,1.09002,10686.37013,40.46429,11717.68282,0.82,25.67,1448.92,22122.87,132.69,9373.8
26/12/2021,0.42135,3419.197598,28.36841,5549.519453,0.68,18.82,1357.26,17623.74,122.91,6909.57
27/12/2021,9.4288,566362.7593,120.3281,111669.093,0.83,25.15,1436.37,26037.07,148.1,13560.56
28/12/2021,8.13896,518763.5497,143.02927,105477.0699,0.76,24.74,1445.59,26113.2,143.04,13058.13
29/12/2021,7.92682,517562.638,133.12976,106636.9344,0.79,24.4,1420.78,25271.47,142.73,13172.43
30/12/2021,7.96017,690706.8897,150.05681,137370.8448,0.88,27.51,1491.52,27540.86,146.54,13985.71
31/12/2021,7.96892,874119.0256,232.52158,199401.1598,0.98,29.93,1683.97,32283.86,166.88,16807.43
01/01/2022,4.37692,229734.5685,188.63883,82940.2491,0.66,22.38,1585.27,27278.48,149.03,12307.74
02/01/2022,0.40744,4015.238189,41.27559,8331.827061,0.83,23.17,1531.66,24750.74,143.16,10121.7
03/01/2022,7.93089,556466.5791,177.02486,100766.066,0.98,29,1614.87,32979.67,158.52,15630.76
04/01/2022,7.43838,364857.4651,154.872,92624.10206,0.88,26.89,1595.01,32214.37,157.25,15279.56
05/01/2022,7.23737,392221.1509,163.12621,95553.3171,0.83,24.96,1591.71,31730.45,155.68,15165.83
06/01/2022,7.22377,469484.2391,150.30967,103625.591,0.74,22.1,1589.44,30771.67,150.84,14303.39
07/01/2022,8.14853,487675.3071,190.55333,114379.322,0.77,23.33,1621.33,30569.5,156.43,14567.87
08/01/2022,1.28338,11394.51285,56.32087,15132.88946,0.72,22.51,1547.07,26520.13,144.25,11449.65
09/01/2022,0.40048,3566.146238,31.50742,6075.026033,0.55,15.75,1212.96,18265.68,121.56,8049.53
10/01/2022,9.73015,485298.5816,199.8962,115594.6819,0.8,24.23,1650.53,33273.67,158.64,15123.92
11/01/2022,8.06738,448769.7698,155.56314,100758.8938,0.76,23.37,1563.23,30052.59,155.9,13763.92
12/01/2022,7.57691,465276.6586,143.16439,96470.94735,0.82,25.23,1590.55,30181.55,161.56,14189.86
13/01/2022,7.65321,438977.1277,146.58059,110331.0428,0.82,25.67,1565.06,28747.57,155.66,13415.42
14/01/2022,5.19717,465802.8302,111.18201,85563.62267,0.71,22.89,1445.09,23852.4,135.34,10575.12
15/01/2022,4.14358,120833.9157,73.70437,42100.32992,0.75,23.8,1378,21970.51,126.99,9354.3
16/01/2022,0.43202,3531.785146,26.45443,5645.484887,0.64,18.5,1311.22,18000.91,113.13,6568.23
17/01/2022,7.94375,452096.1329,125.79442,79195.48683,0.8,24.46,1487.62,27641.24,144.44,12957.5
18/01/2022,7.31361,424859.2146,121.11389,83324.24279,0.81,25.34,1465.03,26732.97,140.75,13406.27
19/01/2022,7.64628,425597.864,125.73836,91267.07962,0.77,23.96,1501.62,27400.76,141.9,13320.48
20/01/2022,7.58325,466131.5374,117.76495,102016.4634,0.87,27.34,1459.3,27092.83,141.9,13090.65
21/01/2022,7.96424,477950.4993,127.67686,104091.1003,0.9,28.39,1477.4,26652.65,139.22,12839.56
22/01/2022,1.30308,12237.99608,50.0419,14573.5419,0.83,26.65,1422.39,23272.13,130.02,10107.84
23/01/2022,0.38527,3055.667081,27.66061,5587.097885,0.68,18.3,1317.35,17525.56,110.47,6576.66
24/01/2022,9.29167,546696.1161,142.78144,108276.1135,1.01,30.63,1450.3,28414.48,143.05,13943.49
25/01/2022,8.76283,508261.1308,124.83984,121643.1403,0.98,30.9,1460.12,27920.07,142.26,14202.99
26/01/2022,0.75648,6500.562374,37.04948,11715.42717,0.96,28.67,1404.28,21232.52,125.59,8902.79
27/01/2022,9.08567,598564.8078,115.9077,110878.5791,0.93,27.58,1437.6,27360.06,136.4,13688.2
28/01/2022,8.53292,567768.5802,146.22581,143896.4423,0.84,24.58,1454.86,26942.28,141.3,14242.94
29/01/2022,7.08973,187288.8991,103.63526,74313.09899,0.8,24.07,1390.55,24872.5,132.01,12531.03
30/01/2022,0.58205,5132.521571,32.99941,8522.53136,0.74,18.71,1437.84,21176.51,122.53,8141.01
31/01/2022,9.80211,819062.0911,219.62585,207492.0796,0.84,23.53,1612.3,36596.64,165.95,19188.54
01/02/2022,7.85792,545745.3295,251.53583,139764.4145,0.48,20.25,1727.27,38167.32,178.82,19369.97
02/02/2022,7.57721,442230.2316,166.87965,107181.7841,0.43,18.43,1666.46,34757.09,166.35,17019.23
03/02/2022,7.37372,409216.6561,158.74804,98253.43907,0.42,16.69,1646.71,33265.3,158.45,15962.18
04/02/2022,7.49081,486447.0162,158.73129,100325.2149,0.41,14.61,1622.84,32036.03,154.44,15223.57
05/02/2022,5.49617,176917.3195,127.4189,65151.71264,0.4,14.47,1655.22,31339.7,152.01,13673.29
06/02/2022,0.47063,3873.263078,37.01248,7543.853847,0.33,11.76,1549.3,23445.48,132.87,8996.76
07/02/2022,7.28175,243845.3627,166.28754,100480.5739,0.44,15.47,1664.91,33670.85,161.31,15636.93
08/02/2022,8.24411,638522.3067,173.51003,108299.5601,0.45,15.8,1667.98,32682.18,160.62,15334.79
09/02/2022,7.62744,414707.9424,165.23672,94858.90095,0.46,16.24,1718.83,32468.47,157.92,14759.67
10/02/2022,7.37673,450547.946,141.80263,118502.1884,0.49,16.82,1646.32,31703.55,156.63,14727.25
11/02/2022,8.08747,482430.6221,150.47848,109736.5615,0.47,17.03,1665.02,30697,153.54,14181.86
12/02/2022,1.36301,12367.57397,56.73873,16665.51257,0.52,19.11,1632.81,27942.54,142.97,11509.32
13/02/2022,0.45201,4010.716008,45.29895,8521.556297,0.47,15.02,1588.4,22271.87,134.11,8176.36
14/02/2022,9.8223,500170.0994,173.90572,118836.611,0.57,19.54,1675.9,32609.4,158.89,15458.98
15/02/2022,8.16639,540998.2685,158.82075,127204.0734,0.6,21.62,1649.61,31888.77,156.09,15215.25
16/02/2022,7.89008,500504.0362,141.27633,97855.05515,0.61,20.78,1653.18,30212.49,144.11,13404.45
17/02/2022,7.85169,454615.8067,129.95795,99155.57083,0.64,21.14,1599.93,29053.85,152.32,13756.7
18/02/2022,7.8933,485433.2424,124.5034,111641.8207,0.6,18.76,1610.88,27226.8,148.34,13036.44
19/02/2022,5.08672,103400.5781,89.32334,49604.14215,0.59,20.22,1558.32,25778.25,142.31,11451.13
20/02/2022,0.47943,3848.888004,29.28473,6453.722838,0.56,17.02,1549.44,21128.33,128.67,7588.32
21/02/2022,8.58288,440482.2448,123.58774,97764.94874,0.67,21.5,1578.14,29480.41,152.87,14201.65
22/02/2022,8.14244,444590.9099,121.16126,92086.5338,0.68,22.73,1474.01,27023.99,137.32,13512.18
23/02/2022,7.87367,441799.7413,122.61879,92293.73285,0.66,21.28,1421.16,24444.21,135.56,12789.1
24/02/2022,8.15398,520941.1844,118.27191,104306.7232,0.75,23.62,1679.23,32003.16,150.2,14883.76
25/02/2022,9.35538,626503.668,139.27971,151421.1576,0.76,24.28,1599.27,29271.51,151.48,15010.1
26/02/2022,1.66108,18338.52441,51.50316,19612.07844,0.74,24.45,1606.8,26149.22,144.19,12022.18
27/02/2022,0.55251,4671.908252,33.06387,7656.670159,0.7,19.42,1572.88,21228.83,130.64,8409.5
28/02/2022,12.07469,927456.4329,276.34201,225880.4509,0.84,25.92,1594.07,34896.42,166.28,19093.12
01/03/2022,3.57761,86746.66146,165.34397,64656.03129,0.46,17.77,1711.64,33758.22,169.68,16344.07
02/03/2022,10.03833,561836.0175,213.78548,134181.5689,0.45,19.86,1794.57,37033.35,176.66,18754.02
03/03/2022,8.78973,558461.8503,174.40675,114353.7048,0.43,17.98,1794.51,36252.3,168.11,17976.05
04/03/2022,8.64869,475965.7204,176.69413,120542.423,0.44,17.81,1779.04,35210.29,167.14,17345.13
05/03/2022,7.23065,198096.2175,134.12824,77498.91225,0.42,16.39,1840.21,35370.65,166.2,16004.65
06/03/2022,0.59376,4874.546111,35.68524,9145.242206,0.35,12.59,1725.69,26113.76,144.1,10319.81
07/03/2022,9.6285,563528.3166,207.40107,136179.0224,0.44,17.1,1817.79,37285.22,172.24,18699.64
08/03/2022,8.95685,501456.4248,188.37768,113988.2236,0.47,18.76,1793.65,34545.89,167.14,17029.9
09/03/2022,8.7321,489403.5696,202.7117,102376.1727,0.49,18.83,1808.25,34882.05,168.25,17061.34
10/03/2022,8.57393,573763.6,180.49993,118838.391,0.49,18.28,1815.4,34890.75,165.7,16653.29
11/03/2022,9.25294,546023.3453,155.50029,124811.2128,0.54,19.57,1783.45,32377.05,164.15,15892.36
12/03/2022,1.60712,14643.33025,50.94035,17380.12543,0.56,20.76,1765.19,29318.33,154.5,12790.74
13/03/2022,0.49806,4215.014375,31.51873,6899.618709,0.49,15.92,1704.03,23152.81,136.8,8639.46
14/03/2022,11.17443,579094.8687,165.54972,134456.2539,0.59,19.15,1774.35,33957.67,167.44,16877.23
15/03/2022,9.79412,624091.8522,154.3831,134874.0577,0.67,24.55,1766.92,33340.64,161.86,16888.16
16/03/2022,9.27438,531618.8286,159.67546,127139.3918,0.75,26.94,1804.56,33221.88,164.19,15823.38
17/03/2022,7.98964,678495.3411,139.00405,125831.7876,0.91,29.24,1807.54,31166.73,164.97,14806.91
18/03/2022,1.95997,50575.81419,54.71997,35177.16121,0.36,10.37,1489.27,18869.04,109.2,7777.11
19/03/2022,5.41728,189143.8486,75.5667,54206.90121,0.56,16.9,1644.78,25247.27,133.28,11049.95
20/03/2022,0.51289,4778.743406,27.57489,7239.038088,0.67,19.35,1588.62,21237.31,126.84,7751.55
21/03/2022,9.66934,612723.1569,129.3241,119046.9059,0.78,25.68,1722.99,31841.8,151.98,15295.33
22/03/2022,8.90804,552859.1261,131.81126,114756.1853,0.77,24.96,1673.03,29566.9,149.37,14339.26
23/03/2022,9.22966,584036.7081,144.12997,118399.4052,0.82,25.3,1698.64,29859.79,153.78,14710.78
24/03/2022,9.39754,682372.0421,133.86344,151614.9459,0.78,22.8,1695.82,29588.27,151.91,14673.37
25/03/2022,10.76872,688819.7708,143.89457,163415.6434,0.77,24.41,1709.3,29741.97,152.02,14748.39
26/03/2022,2.07224,22780.06186,56.84207,23271.48988,0.84,27.06,1760.5,27909.08,161.67,12952.75
27/03/2022,0.62966,5262.374864,31.78136,7945.259781,0.8,22.67,1708.97,21937.12,147.22,8583
28/03/2022,9.96629,885813.2114,204.34288,216612.7758,0.96,30.46,1713.71,30755.25,166.02,16003.54
29/03/2022,8.82403,734781.8152,138.42975,160630.2956,0.97,32.01,1716.2,29737.75,172.75,15638.14
30/03/2022,14.06731,1000991.447,214.9766,284601.4265,0.98,30.11,1771.98,33222.54,175.06,18028.03
31/03/2022,14.25432,1451701.416,291.33725,372508.6356,1.02,31.48,1875.91,39189.99,189.78,22821.47
01/04/2022,0.73041,15456.57377,64.57228,27958.68068,0.43,18.49,1759.96,31501.34,167.83,15563.18
02/04/2022,5.66557,193181.7077,175.51261,87296.1597,0.49,20.92,1904.37,34305.57,161.16,15625.53
03/04/2022,0.64115,5538.026505,38.09756,10243.20579,0.42,16.06,1816.66,28996.32,157.35,12065.23
04/04/2022,10.57135,795939.9512,184.1392,139144.1568,0.48,19,1932.97,41530.22,181.1,20233.82
05/04/2022,8.75583,601341.3793,155.23696,110471.5785,0.47,17.8,1934.18,39370.19,175.89,18865.01
06/04/2022,8.48265,537968.8262,168.85244,101475.1872,0.48,19.15,1892.45,37401.11,166.57,17620.58
07/04/2022,8.35927,558280.7917,199.35985,112598.4871,0.49,19.59,1924.91,37184.6,165.42,17187.21
08/04/2022,8.87144,541530.4363,185.40657,114509.2923,0.49,19.32,1915.95,35133.63,161.05,16035.15
09/04/2022,1.58031,14210.79605,58.18969,17312.00795,0.51,20.05,1963.77,33429.07,158.53,13540.64
10/04/2022,0.51816,4200.968847,35.31625,7725.142367,0.4,13.73,1829.57,26380.29,141.46,9360.26
11/04/2022,10.33206,644059.6386,188.94939,118667.8642,0.52,19.17,1920.92,37147.71,169.77,17005.59
12/04/2022,9.08171,515627.6351,149.46717,102029.6224,0.53,19.47,1934.32,36141.16,165.47,16331.24
13/04/2022,9.64197,665293.8693,166.32362,175102.9974,0.54,20.32,1959.35,35735.22,161.51,15860.94
14/04/2022,1.94009,33075.52786,60.53226,28554.33816,0.57,21.73,1854.34,30183.26,149.41,12183.24
15/04/2022,2.14487,33574.87287,55.94773,24848.22369,0.58,21.01,1807.44,28138.64,142.48,11059.19
16/04/2022,8.28378,308139.7301,109.47895,73354.02683,0.53,19.31,1847.21,30322.18,146.96,12899.87
17/04/2022,0.58181,5039.428372,35.29399,7801.630134,0.48,15.44,1776.11,23899.87,133.35,8399.45
18/04/2022,9.75715,598564.6783,129.46494,104016.6717,0.61,21.84,1847.09,34476.4,158.26,15858.38
19/04/2022,9.07855,465223.4978,122.69567,106669.1789,0.62,22.4,1848.4,33348.27,155.54,15475.27
20/04/2022,8.60469,491291.763,133.09201,99611.59317,0.64,22.11,1863.96,33512.38,156.88,15382.12
21/04/2022,7.96687,465289.3139,131.22168,91963.35466,0.61,20.41,1833.63,31649.72,148.29,14405
22/04/2022,8.52604,474872.7372,140.66299,103915.5855,0.64,21.06,1841.32,30687.21,149.83,14092.2
23/04/2022,1.61026,14949.81088,57.66582,17179.91238,0.68,22.77,1830.43,28361.39,150.61,12225.16
24/04/2022,0.5119,3943.957533,37.21978,7198.454271,0.58,16.69,1679.09,22341.42,132.29,8420.43
25/04/2022,10.54101,604105.0799,157.83109,119535.7144,0.74,23.99,1821.6,33631.18,156.49,15902.42
26/04/2022,9.07271,476133.3649,138.99677,98089.17045,0.75,24.39,1820.41,32293.94,153.2,15379.11
27/04/2022,8.54161,452821.176,125.84257,97693.84089,0.76,24.18,1832.81,32147.43,157.38,15841.26
28/04/2022,8.46177,566664.226,154.36714,114806.7743,0.75,23.29,1814.81,31645.31,152.75,15614.75
29/04/2022,8.67776,760111.6101,202.17505,166312.0276,0.76,23.85,1849.56,34089.13,162.51,17462.32
30/04/2022,7.79155,251163.1106,175.67952,112502.0236,0.76,24.83,1986.29,38589.29,176.92,18775.35
01/05/2022,0.59118,5355.533524,53.52462,11249.14875,0.38,15.7,2053.98,35380.47,171.66,14317.19
02/05/2022,8.30568,592932.7058,231.01423,136758.7197,0.46,19.58,2082.15,43127.73,193.31,20060.1
03/05/2022,1.57542,25788.16288,77.30138,23837.70315,0.38,15.41,1861.51,32528.65,154.42,14017.09
04/05/2022,9.48725,510722.9815,166.95437,115457.5592,0.42,17.12,1944.96,39142.74,167.72,18445.18
05/05/2022,8.29324,526830.0299,156.54539,110916.6183,0.43,17.17,1995.45,40116.7,170.4,18241.82
06/05/2022,8.43247,547324.3597,166.55291,124375.9087,0.44,17.43,1972.09,38218.9,166.66,17603.61
07/05/2022,6.74106,165287.8534,154.73609,73581.27987,0.46,18.41,2060.59,37753.22,168.34,16128.6
08/05/2022,0.57085,4673.865721,42.01731,8102.778172,0.4,14.05,1954.13,28907.36,147.38,10505.04
09/05/2022,8.53851,499525.6271,164.31511,98506.46805,0.45,16.63,1994.1,39710.68,174.94,18394.28
10/05/2022,8.27664,502418.0934,148.02035,101936.4182,0.38,14.06,1942.99,37570.27,165.39,16787.53
11/05/2022,7.95476,454517.1651,144.4598,93732.20434,0.5,18.63,1974.23,36863.35,162.84,16203.63
12/05/2022,7.76258,542526.1875,132.5865,117935.5392,0.46,16.3,1848.24,33771.63,157.81,16040.72
13/05/2022,8.62429,603407.1721,130.0209,123412.1645,0.47,16.5,1943.36,37429.32,153.13,14727.24
14/05/2022,1.59289,15056.52974,60.39972,18872.72052,0.55,19.65,1927.89,31230.91,149.51,12101.87
15/05/2022,0.51917,4141.692773,37.64523,6976.197232,0.48,14.83,1884.54,25653,134.01,8010.55
16/05/2022,5.9317,131807.4965,109.9125,65066.7109,0.6,19.35,1887.69,33249.98,154.88,14169.64
17/05/2022,9.98681,638107.7214,134.93719,110561.9362,0.62,20.54,1872.92,33295.35,155.81,14932.12
18/05/2022,8.47756,485151.3496,130.54271,99258.72794,0.66,21.72,1949.01,34027.49,154.91,14535.75
19/05/2022,8.04256,515646.3327,123.80218,100519.1778,0.67,21.34,1901.9,32947.73,153.26,14517.4
20/05/2022,7.88571,500537.0677,120.56286,99064.15879,0.68,22.48,1900.24,31912.52,149.71,13751.46
21/05/2022,6.21502,143284.624,94.89258,55080.35398,0.65,21.42,1898,30865.04,145.87,12661.19
22/05/2022,0.52177,4150.412708,37.91388,7210.447831,0.63,18.08,1826.09,23763.95,131.73,7974.73
23/05/2022,8.11948,483194.3247,119.02614,94770.71705,0.69,22.17,1870.32,32828.94,150.66,14295.07
24/05/2022,7.92065,444109.2218,143.15385,92781.12141,0.74,22.84,1890.05,31870.42,150.13,14279.1
25/05/2022,7.72003,524089.3876,130.74279,99061.64675,0.75,23.01,1883.82,31845.24,153.27,14817.17
26/05/2022,7.60401,460240.4678,130.98905,98133.71685,0.77,23.01,1846.09,31197.03,149.89,14136.62
27/05/2022,8.24444,530142.9744,142.80831,109054.9691,0.81,23.71,1834.86,29522.85,145.39,14009.37
28/05/2022,1.62501,14709.85915,58.68985,17284.464,0.87,25.52,1860.93,29069.75,147.84,12251.94
29/05/2022,0.51741,9824.250902,36.94769,18684.23083,0.8,20.36,1852.2,23047.36,129.26,8321.06
30/05/2022,10.29597,581102.5233,176.5528,135232.6397,0.87,24.59,1836.45,33628.62,165,16466.42
31/05/2022,9.3465,717340.9977,255.77657,179511.1651,0.92,25.77,1912.11,39743.33,173,19624.63
01/06/2022,7.82415,535663.1342,287.2777,140338.0552,0.78,23.54,1976.68,42008.82,191,21074.35
02/06/2022,7.3314,488486.1275,159.15231,110702.9716,0.74,21.92,2186.08,43887.84,176.85,18998.47
03/06/2022,7.45096,484643.0037,166.31929,106129.24,1.03,29.96,2050.04,38200.28,165.61,17344.3
04/06/2022,6.06602,153178.8426,127.04362,64588.58305,1.23,35.66,1859.27,35010.94,156.05,16202.1
05/06/2022,0.55898,4710.553687,46.13553,8683.986517,1.11,30.02,2222.02,34073.12,149.73,11203.2
06/06/2022,8.15282,596922.7067,159.03666,121777.4696,1.27,35.23,2020.38,39158.04,169.43,17712.57
07/06/2022,7.8594,467059.1757,184.41455,109186.8921,1.35,37.79,1995.9,37704.57,165.56,17281.25
08/06/2022,7.56547,442549.4018,151.96711,98088.00577,1.4,38.11,2146.97,38922.92,162.78,16699.36
09/06/2022,7.45894,422264.7452,159.1148,97593.3781,1.36,37.19,2042.38,36686.89,156.14,16130.25
10/06/2022,8.20337,602574.6061,150.88106,117689.8512,1.44,39.21,2021.75,36538.99,160.32,16290.16
11/06/2022,1.53504,14013.2081,62.78955,17529.32532,1.4,39.59,2037.13,33508.5,149.32,12755.81
12/06/2022,0.50397,4128.505323,40.88403,7377.036458,1.24,31.87,1952.53,26074.45,134.21,8932.18
13/06/2022,9.77882,560277.0252,169.78206,116059.0097,1.48,39.45,2006.68,37447.27,161.68,16143.46
14/06/2022,7.98513,459557.595,140.51599,100024.9764,1.4,37.89,1986.69,34441.89,152.39,15058.67
15/06/2022,8.07371,570644.4844,140.89726,104194.7094,1.39,37.43,2040.5,35105.4,155.3,15229.09
16/06/2022,7.57028,442731.0195,126.82098,97497.33762,1.33,35.7,2017.36,34093.76,149.13,14650.7
17/06/2022,7.65575,515252.3155,127.98999,107130.1739,1.43,38.17,1962.92,32304.39,144.8,13587.49
18/06/2022,6.10079,159214.1964,101.03386,58575.5584,1.25,33.55,1818.97,29385.68,141.94,12725.65
19/06/2022,0.52089,4025.121727,40.11012,7859.128375,1.2,29.2,1670.82,22291.5,123.07,8115.8
20/06/2022,8.20827,522810.4845,140.19574,100586.0856,1.39,36.46,1878.08,34282.55,151.34,15329.19
21/06/2022,7.71272,474429.5948,126.72772,99106.33045,1.54,41.2,1904.54,32914.38,147.62,14626.81
22/06/2022,7.42116,449794.318,134.02148,87381.67118,1.48,38.65,1885.5,31969.65,146.12,14450.03
23/06/2022,7.38201,448681.1882,121.46783,91019.63629,1.46,37.98,1854.26,30994.9,143.75,14031.51
24/06/2022,8.10643,544072.706,129.56091,124373.731,1.5,39.26,1904.89,31022.28,144.14,14285.16
25/06/2022,1.60834,14682.3951,59.9252,16977.53622,1.51,40.17,1898.02,29437.83,140.62,12126.29
26/06/2022,0.48926,3961.084274,39.88378,7218.982736,1.44,34.48,1865.08,23014.68,124.01,8081.65
27/06/2022,10.17144,625024.5213,138.07229,128262.7834,1.68,42.8,1908.78,33292.2,150.9,15403.64
28/06/2022,8.39763,645924.5419,154.84259,124159.4352,1.54,40.14,1865.29,31372.09,146.33,15111.26
29/06/2022,8.22476,739581.9953,159.73654,116911.3243,1.5,40.17,1850.76,32020.73,144.39,15357.31
30/06/2022,8.4974,959194.9347,275.72795,228989.6786,1.57,42.91,1798.81,37246.08,152.48,18838.33
01/07/2022,7.23863,729074.7608,264.96551,153549.1433,1.31,43.18,2110.38,43831.02,167.79,19535.73
02/07/2022,6.14911,187400.6566,133.92564,74828.37982,1.34,43.95,2134.15,42108.81,164.68,17776.45
03/07/2022,0.56431,4750.268933,43.7291,9507.459299,1.2,35.86,2049.51,32114.33,142.12,11580.17
04/07/2022,7.99194,528248.1777,159.5281,104777.4777,1.41,43.16,2093.17,42995.32,169.28,18957.86
05/07/2022,7.74275,460352.658,185.05347,106495.4046,0.54,17.1,2077.94,41456.59,163.67,17969.66
06/07/2022,7.29759,483844.3884,177.04117,112469.207,0.51,16.13,2093.44,39822.21,159.62,16870.01
07/07/2022,7.51643,515991.729,190.91096,113372.1152,0.51,15.96,2120.26,39624.23,158.18,16835.03
08/07/2022,8.03536,494091.8933,197.66452,133125.594,0.51,15.67,2079.58,37817.79,159.06,16326.3
09/07/2022,1.54438,14136.09071,67.14482,18017.29555,0.63,19.82,2100.71,35896.16,156.25,13555.43
10/07/2022,0.48222,3978.998846,41.40251,8449.088113,0.47,12.92,1932.44,26632.94,127.61,8707.75
11/07/2022,9.00307,532495.5693,170.21934,110539.2035,0.57,17.29,2000.96,37142.02,155.56,15464.16
12/07/2022,7.85569,416837.7948,146.92594,95511.83188,0.6,18.53,2011.21,35038.16,152.64,14678.2
13/07/2022,7.24301,419777.3431,140.89594,95971.71468,0.59,17.66,1989.5,34242.77,146.76,14015.62
14/07/2022,7.34307,447794.5864,129.73648,95914.15231,0.63,18.99,2023.58,34743.09,148.18,14123.76
15/07/2022,7.58226,574483.2173,138.47504,108615.6553,0.6,18.76,2019,33702.42,153.61,14091.4
16/07/2022,5.93203,150230.3116,102.96711,59762.10543,0.59,18.39,2013.56,32704.58,144.74,12905.07
17/07/2022,0.50867,4125.223892,44.02912,7568.919287,0.55,15.48,1975.48,25086.78,128.87,8187.95
18/07/2022,8.08217,551505.0585,140.67618,97484.35614,0.62,18.57,1980.21,33652.23,149.56,14504.14
19/07/2022,7.6858,422969.8868,127.01334,97457.0413,0.62,18.4,1997.15,32665.89,138.92,13953.87
20/07/2022,7.48893,477491.9417,128.03848,98997.90721,0.59,17.47,2060.07,34113.78,146.86,14122.94
21/07/2022,7.20246,480857.8078,119.35329,100864.6068,0.59,17.48,1995.59,32083.3,131.22,13416.83
22/07/2022,7.9124,529183.8683,128.99951,99222.97134,0.55,16.47,1984.87,30587.13,136.47,13202.57
23/07/2022,1.53261,13511.51976,61.7797,16696.54194,0.57,17.46,1961.15,29270.86,149.98,11663.18
24/07/2022,0.4622,3615.982962,41.68026,6852.488081,0.58,15.31,1922.39,23283.4,124.95,7927.64
25/07/2022,9.47366,554650.9309,140.84331,114428.471,0.65,18.89,1963.87,33362.36,148.31,15680.29
26/07/2022,7.87019,477986.0808,123.1778,93154.01253,0.68,20.34,1951.14,31535.55,139.16,14071.31
27/07/2022,7.75623,472882.4173,122.80132,99416.84351,0.76,21.98,2030.82,32141.8,149.64,14806.55
28/07/2022,7.66124,578054.9738,136.03519,117209.7878,0.8,22.73,1971.07,31311.84,149.18,14954.31
29/07/2022,8.31934,765215.0019,207.26057,166964.3212,0.8,22.67,2039.83,35222.25,149.97,16579.15
30/07/2022,7.07141,249020.7924,153.62387,98199.5184,0.79,22.74,2132.19,38375.84,155.74,16630.56
31/07/2022,0.71354,6879.748745,52.4952,11930.34291,0.78,20.67,2078.18,30551.59,139.72,11447.06
01/08/2022,8.20099,596699.9893,270.49902,143815.1928,0.33,11.24,2171.27,43568.17,176.56,20191.65
02/08/2022,7.43612,491258.5038,161.69229,106501.6102,0.32,10.88,2231.53,42085.99,167.16,17965.86
03/08/2022,7.21302,450401.3747,156.84064,98578.13245,0.42,13.26,2115.76,38693.87,149.97,16649.28
04/08/2022,7.23371,423603.1169,154.73257,108259.6031,0.61,18.36,2168.76,40079.82,162.43,17231.52
05/08/2022,7.23768,538079.4097,176.83979,110839.7783,0.69,19.24,2048.27,35859.8,158.41,16110.99
06/08/2022,6.02086,204992.963,158.3053,78659.52467,0.51,14.82,2254.73,39064.52,160.11,15382.76
07/08/2022,0.5312,4888.829763,51.74575,9790.22175,0.52,14.34,2124.83,29906.75,143.31,10366.39
08/08/2022,8.50001,653200.1911,176.85296,101270.7637,0.55,16.8,2162,39627.08,167.05,17068.53
09/08/2022,3.10221,59541.65085,141.51243,50298.26265,0.53,18.04,2104.64,34997.87,156.1,14630.86
10/08/2022,9.72959,586545.9218,196.97823,123845.6842,0.64,19.72,2258.23,41043.38,172.84,17608.53
11/08/2022,5.5934,515004.3458,133.05322,92314.88011,0.61,17.83,2258.37,36349.91,154.59,13943.16
12/08/2022,8.00656,587446.3481,142.12342,106558.0333,0.53,16.24,2094.52,33508.36,147.25,14285.7
13/08/2022,1.54905,14567.06049,63.9246,16780.71338,0.49,17.28,2087.53,32266.78,145.38,11914.07
14/08/2022,0.49595,4086.364894,46.74765,7588.562136,0.39,11.86,1992.48,25307.67,128.51,8075.1
15/08/2022,0.61021,5531.417706,55.56547,11239.97506,0.38,11.21,1946.64,25414.14,126.16,8412.21
16/08/2022,8.6672,206259.8165,136.45375,94187.68877,0.49,15.06,2087.37,35358.46,151.44,15118.61
17/08/2022,9.21809,776686.6669,158.65356,148512.0463,0.51,15.74,2134.04,36034.3,154.95,15613.17
18/08/2022,8.54355,616253.4044,165.03345,111740.1325,0.54,16.52,2145.22,35365.86,153,15094.98
19/08/2022,4.63826,468663.5413,104.52613,74025.23031,0.57,17.42,2072.71,31204.93,144.43,12883.12
20/08/2022,6.80018,166824.3665,105.05891,59632.73819,0.55,17.63,2103.98,33072.27,146.75,13414.27
21/08/2022,0.54498,4836.980812,41.9401,7956.893295,0.56,16.05,2012.59,25174.59,127.69,8038.77
22/08/2022,8.57515,534856.4143,217.40073,101163.1673,0.65,20.12,2098.1,35304.68,151.19,15183.58
23/08/2022,8.15771,459665.0324,121.05148,102074.9011,0.64,20,2065.06,33735.52,146.54,14480.99
24/08/2022,7.76257,481309.988,125.46988,93817.84638,0.7,21.85,2082.78,33988.13,144.34,14447.23
25/08/2022,7.80932,539896.0727,123.35744,112071.3044,0.72,21.97,2106.28,34666.38,148.17,15051.46
26/08/2022,8.89656,574259.0636,130.71417,117827.7135,0.76,22.92,2051.4,32104.76,146.91,14826.52
27/08/2022,1.73132,16735.76425,62.28371,18494.48662,0.74,22.27,2146.53,31003.69,139.47,12146.04
28/08/2022,0.53217,4419.300017,46.15616,8335.238262,0.7,17.67,2133.36,24581.62,125.42,8309.46
29/08/2022,10.43168,723868.0459,165.19927,144868.2375,0.86,23.86,2138.82,36565.66,155.55,16651.75
30/08/2022,9.82807,843318.1758,235.89415,183516.9445,0.81,22.93,2255.78,40909.83,164.06,19183.51
31/08/2022,4.48283,111882.5873,140.15044,87073.49926,0.79,22.63,2165.48,36317.38,153.35,15708.92
01/09/2022,7.74467,613313.3512,262.97546,148408.5079,0.36,14.52,2312.02,46102.69,177.58,20617.22
02/09/2022,7.60748,575922.3213,163.26775,109162.2537,0.36,14.01,2344.38,42755.56,168.38,18442.56
03/09/2022,6.20771,165259.8538,137.1095,68900.54782,0.35,13.22,2343.42,41387.77,161.17,16840.99
04/09/2022,0.58301,5477.186833,50.3391,9679.108781,0.27,9.52,2222.1,32092.83,145.36,11480.35
05/09/2022,8.0826,485930.5256,176.89667,104607.5214,0.4,13.71,2321.17,44581.11,174.16,18761.72
06/09/2022,7.83304,551711.8708,183.34231,114795.544,0.39,13.9,2288.42,41284.01,163.24,17614.61
07/09/2022,7.57146,469794.916,191.82417,104395.305,0.4,14.28,2298.87303,41648.12734,167.09,17607.79
08/09/2022,7.26826,475708.9913,158.4177,106308.403,0.41,14.54,2269.81472,39016.03262,159.74,15738.16
09/09/2022,7.47825,557309.1586,176.30119,101535.566,0.43,15.31,2220.49,37027.98,156.41,15324.64
10/09/2022,1.65528,15639.10956,71.98503,18934.48712,0.42,15.44,2249.38,36076.21,151,13296.22
11/09/2022,0.45413,4067.04224,46.90321,8952.944213,0.38,12.53,2222.64,28818.13,138.48,9160.91
12/09/2022,9.7021,593349.5471,164.56435,125751.9273,0.49,16.53,2242.62,39419.29,167.05,16914.76
13/09/2022,8.23086,515033.0292,142.60721,101352.3599,0.52,18.04,2219.11,37206.64,160.9,15646.29
14/09/2022,7.95258,500613.5978,143.67238,123820.4967,0.50739,17.5594808,2253.62,37938.12,154.01,15371.49
15/09/2022,7.91016,628994.4585,137.39036,117884.2596,0.50524,17.316809,2245.68,37563.76,152.52,15309.55
16/09/2022,7.73204,583607.166,148.28173,101726.428,0.48,15.85,2255.26,36237.8,149.85,14364.8
17/09/2022,5.67781,144276.6118,106.34518,55843.68621,0.54,17.18,2267.25,33100.06,144.76,12513.12
18/09/2022,0.56217,4885.041117,51.38986,8307.222599,0.52,15.11,2140.49,25809.84,130.2,8155.28
19/09/2022,8.41752,640998.8743,145.02715,107612.0865,0.58,18.32,2203.34,36275.55,151.79,15057.41
20/09/2022,7.98936,637531.558,145.60456,103278.1052,0.66,21.45,2222.49,35652.81,151.76,14613.14
21/09/2022,7.41842,520752.7486,143.62772,95938.54179,0.68,21.48,2222.64,35651.91,149.21,14584.24
22/09/2022,7.65912,576489.7363,201.57368,110889.4817,0.69,21.04,2253.65,37245.02,144.74,14636.53
23/09/2022,8.13984,662687.9921,141.32476,115622.7968,0.75,22.78,2240.82,35202.31,144.21,14672.65
24/09/2022,1.72303,16214.76847,68.01608,19706.99025,0.82,25.3,2254.85,33468.05,143.88,12501.56
25/09/2022,0.53897,4607.863462,46.08479,8457.788375,0.78,20.98,2224.62,26617.01,131.47,8479.13
26/09/2022,9.58553,738474.3397,148.85417,187010.1982,0.83,24.12,2264.06,38681.13,156.96,16319.14
27/09/2022,9.43998,650625.1619,141.5632,129435.9496,0.84,25.39,2243.49,37077.33,151.92,16286.11
28/09/2022,8.70922,686404.6445,161.36995,129762.0503,0.81,24.48,2294.03,37494.05,150.58,16288.53
29/09/2022,8.94086,731727.0313,188.74193,150365.8946,0.75,23.54,2261.41,38173.16,154.02,17003.1
30/09/2022,9.4847,1032228.627,287.05306,234466.3621,0.98,30.49,2405.86,46833.8,169.87,20849.31
01/10/2022,7.29699,303196.1263,257.42595,125533.5968,0.46,18.33,2586.47,50382.75,185.32,20445.68
02/10/2022,0.67598,6633.092618,59.73946,12545.30032,0.42,15.96,2483.64,39039.52,156.6,13172.42
03/10/2022,8.1373,762550.6228,199.87262,125748.2414,0.48,17.74,2480.21,47218.26,177.31,19480.96
04/10/2022,5.82719,506586.4385,154.99514,92322.39567,0.39,14.04,2396.9,42082.91,159.06,16711.27
05/10/2022,1.00288,17122.90596,79.23713,20807.60413,0.37,12.43,2272.01,34258.45,147.69,12491.73
06/10/2022,8.78665,660284.7924,177.05931,143978.9981,0.41,13.29,2331.47,41501.46,153.53,17249.13
07/10/2022,9.14021,630520.9317,228.96919,135627.3861,0.43,15.28,2329.71,41204.09,160.48,17747.72
