Date,RTGS_Vol,RTGS_Val,NEFT_Vol,NEFT_Val,AePs_Vol,AePs_Val,UPI_Vol,UPI_Val,IMPS_Vol,IMPS_Val,NACH_Credit_Vol,NACH_Credit_Val,NACH_Debit_Vol,NACH_Debit_Val,NETC_Vol,NETC_Val,BBPS_Vol,BBPS_Val,CTS_Vol,CTS_Val,Credit_Card_Pos_Vol,Credit_Card_Pos_Val,Credit_Card_Ecommerce_Vol,Credit_Card_Ecommerce_Val,Debit_Card_Pos_Vol,Debit_Card_Pos_Val,Debit_Card_Ecommerce_Vol,Debit_Card_Ecommerce_Val
1/4/2022,0.73041,15456.573767431,64.57228,27958.680678598997,0.43,18.49,1759.96,31501.34,167.83,15563.18,2.74,455.46000000000004,23.22,2145.53,88.34,150.86,17.61,214.01,h,h,22.490009999999998,677.9066958,22.29079,1694.6804456999998,53.423089999999995,1004.2622414,26.6555,442.1313589
2/4/2022,5.66557,193181.70769826803,175.51261,87296.159695379,0.49,20.919999999999998,1904.37,34305.57,161.16,15625.53,110.6,10945.55,105.18,6076.21,84.25,138.9,20.23,248.26,20.09,25067.92,25.399350000000002,860.6140581,14.46885,735.214183,52.043169999999996,1145.0854617999998,23.438,366.5578095
3/4/2022,0.64115,5538.026504686,38.09756,10243.20578952,0.42,16.06,1816.66,28996.32,157.35,12065.23,74.51,1957.95,33.94,1892.6,87.82,137.45,20.32,204.48,h,h,26.25276,803.9414394,29.60412,1524.8220007,54.13372,1069.0456167,25.919790000000003,407.79494529999994
4/4/2022,10.57135,795939.95116929,184.1392,139144.156810649,0.48000000000000004,19,1932.97,41530.22,181.1,20233.82,62.08,9674.35,26.8,3456.44,80.2,127.31,26.26,362.77,39.46,47096.04,55.352199999999996,1948.3524060999998,48.2828,3170.9255582,104.19104,2217.143953,56.605180000000004,1044.102834
5/4/2022,8.75583,601341.3793463571,155.23696,110471.578543827,0.47000000000000003,17.8,1934.18,39370.19,175.89,18865.01,56.32,3882.7799999999997,132.07,14043.67,81.94,133.21,26.18,404.87,34.19,38604.5,26.410020000000003,977.5566344,28.636560000000003,2094.2281275,60.882690000000004,1234.5126349,34.31215,646.3356716000001
6/4/2022,8.48265,537968.826218865,168.85244,101475.187159086,0.48000000000000004,19.15,1892.45,37401.11,166.57,17620.58,54.07000000000001,3762.19,40.6,3162.3,84.97,138.74,26.14,367.23,29.54,35863.02,26.653370000000002,989.9329445,28.512400000000003,2017.9846657,61.277190000000004,1260.9801392999998,34.45702,636.4629322
7/4/2022,8.35927,558280.7917098381,199.35985,112598.487120573,0.49,19.59,1924.91,37184.6,165.42,17187.21,65.84,3920.4900000000002,75.6,6138.84,83.69,140.05,26.31,389.07,26.88,31376.95,26.487740000000002,981.9727951,27.68131,2190.5133178,60.720279999999995,1238.5595306,34.19867,616.4663622
8/4/2022,8.87144,541530.436288925,185.40657,114509.29234958501,0.49,19.319999999999997,1915.95,35133.63,161.05,16035.15,96.17999999999999,3800.63,34.49,2898.03,87.25,144.7,25.28,378.52,26.9,29900.27,27.35397,962.2256313,26.79526,1510.3224704,61.78826,1245.0258824,34.06628,583.8032992999999
9/4/2022,1.58031,14210.796046885001,58.18969,17312.007950281,0.51,20.05,1963.77,33429.07,158.53,13540.64,47.5,1581.58,10.91,966.94,90.09,145.7,24.29,325.74,h,h,26.893790000000003,883.6068416,21.33165,1169.1397214,56.57285,1164.411913,26.530640000000002,410.86697749999996
10/4/2022,0.51816,4200.9688474780005,35.31625,7725.142366817,0.4,13.73,1829.57,26380.29,141.46,9360.26,0.36,107.26,60.4,9934.48,86.65,138.62,21.8,259.95,h,h,25.800960000000003,798.4140759000001,21.13344,975.6385398,52.67882,1031.9264927,24.091160000000002,343.8827169
11/4/2022,10.33206,644059.638590274,188.94939,118667.864200042,0.52,19.17,1920.92,37147.71,169.77,17005.59,282.48999999999995,5401,53.92,4124.62,83.43,130.31,26.56,425.94,40.31,38960.05,47.26049,1583.3985983,40.497069999999994,2266.5715182,90.63408,1891.4365177,49.69685,809.1550308999999
12/4/2022,9.08171,515627.63513758604,149.46717,102029.622410925,0.53,19.47,1934.32,36141.16,165.47,16331.24,75.46,3377.87,21.24,2101.45,83.92,135.59,29.11,459.87,33.23,33321.29,27.15493,928.2521597,27.19942,1837.9523655,61.22717,1232.6330237,33.38181,591.9955411
13/4/2022,9.64197,665293.8692827551,166.32362,175102.997368743,0.54,20.32,1959.35,35735.22,161.51,15860.94,157.20999999999998,5675.62,13.71,1628.97,84.97,142.12,29.66,474.54,29.19,31302.44,28.340159999999997,915.2568633000001,25.19732,1651.1418503,63.63579,1279.9067596999998,32.8439,550.8947485
14/4/2022,1.94009,33075.527858699,60.53226,28554.338163325,0.5700000000000001,21.73,1854.34,30183.26,149.41,12183.24,15.88,452.94,9.78,1230.63,95.88,147.49,25.35874,390.5881484,h,h,23.01549,736.5435427,20.78669,1105.2677414,50.46408999999999,1063.3425844,24.24893,386.6011635
15/4/2022,2.14487,33574.8728738,55.94773,24848.223693135,0.5800000000000001,21.009999999999998,1807.44,28138.64,142.48,11059.19,68.21,905.0699999999999,71.74,5873.17,95.39,144.29,24.25,354.55,2.54,2574.17,24.969839999999998,770.1267609999999,20.75791,940.9637251,50.23437,1043.5807181,24.50901,372.6734573
16/4/2022,8.28378,308139.730059067,109.47895,73354.026831727,0.53,19.310000000000002,1847.21,30322.18,146.96,12899.87,206.66,10304.46,14.41,1554.67,95.98,143,26.53,400.03,38.14,35689.29,26.09215,789.5520737999999,20.67878,1111.9004163,53.60727,1082.7262329,24.32763,368.3913213
17/4/2022,0.58181,5039.428371835001,35.29399,7801.630133844999,0.48,15.44,1776.11,23899.87,133.35,8399.45,1.69,1071.65,6.04,357.99,99.12,144.3,22.62,290.45,h,h,26.49127,740.3606282000001,19.92513,711.3960777,50.069410000000005,949.9729184,22.826359999999998,302.9284744
18/4/2022,9.75715,598564.6783248349,129.46494,104016.671683997,0.61,21.84,1847.09,34476.4,158.26,15858.38,262.8,5746.44,21.44,2528.14,88.56,132.7,29.44,516.1,33.18,30259.74,64.07326,2013.7924306999998,55.961479999999995,3553.5989617,110.82917,2353.303263,65.02844999999999,1025.9444668
19/4/2022,9.07855,465223.497828402,122.69567,106669.178900615,0.62,22.4,1848.4,33348.27,155.54,15475.27,164.31,5435.679999999999,14.19,2003.81,84.07,133.2,27.62,467.29,29.9,30692.26,29.0742,942.2437282999999,26.70409,2551.885238,59.38594,1184.3754552,31.476309999999998,536.0193921
20/4/2022,8.60469,491291.76302198,133.09201,99611.593173683,0.64,22.11,1863.96,33512.38,156.88,15382.12,41.89,3541.08,30.94,3748.71,88.06,139.99,26.36,467.11,28.51,28780.76,27.608330000000002,899.3768811000001,27.05802,1622.8068079,58.078149999999994,1163.1311505,31.375729999999997,554.9832061000001
21/4/2022,7.96687,465289.313931375,131.22168,91963.354659328,0.61,20.41,1833.63,31649.72,148.29,14405,56.43,3845.31,17.32,2105.8,91.3,144.85,26.27,427.02,24.89,27092.43,28.01151,926.6759884,26.56385,1921.0955510000001,57.82410999999999,1156.3735796,30.60718,526.7190872
22/4/2022,8.52604,474872.737227834,140.66299,103915.585537081,0.64,21.06,1841.32,30687.21,149.83,14092.2,163.31,4613.6900000000005,38.21,2235.41,90.52,144.11,25.19,415.88,24.68,27340.51,29.04049,947.1460771,27.05977,1662.1349472,58.12765,1148.8440229,31.16235,503.7930182
23/4/2022,1.61026,14949.810884644,57.66582,17179.91238373,0.68,22.77,1830.43,28361.39,150.61,12225.16,47.050000000000004,635.16,3.41,314.79,95.5,148.15,21.8,319.57,h,h,27.93075,853.8922282000001,22.72158,1187.7457143,53.21526,1067.2641471,25.10398,379.0066066
24/4/2022,0.5119,3943.9575329010004,37.21978,7198.454270683999,0.58,16.69,1679.09,22341.42,132.29,8420.43,0.26,78.78,4.25,174.69,93.63,143.82,19.62,212.18,h,h,27.945590000000003,795.5839949,21.24511,900.5349831,52.7009,985.9856015,22.68162,290.45437030000005
25/4/2022,10.54101,604105.0798860741,157.83109,119535.71442402,0.74,23.990000000000002,1821.6,33631.18,156.49,15902.42,32.19,5943.48,48.66,3197.61,86.98,134.11,26.26,467.56,37.44,37817.98,50.10783,1606.9469113999999,32.20814,1773.1177834,85.44991,1736.6471152,46.038830000000004,699.2023428
26/4/2022,9.07271,476133.364873395,138.99677,98089.17044514301,0.75,24.39,1820.41,32293.94,153.2,15379.11,82.17,5528.13,7.31,1443.71,84.14,136.2,24.57,437.21,29.76,31927.54,27.461830000000003,922.857105,25.24126,1662.8514599,56.37464,1110.3582765,30.08664,488.3191626
27/4/2022,8.54161,452821.176032503,125.84257,97693.840888373,0.76,24.18,1832.81,32147.43,157.38,15841.26,37.4,4679.7699999999995,6.99,1474.14,86.58,141.06,24,401.84,25.77,28145.8,27.363979999999998,906.2797828,27.88899,1911.1775269999998,56.93104,1129.7705446,32.11214,545.0266991999999
28/4/2022,8.46177,566664.225964129,154.36714,114806.77432375701,0.75,23.29,1814.81,31645.31,152.75,15614.75,67.4,6091.65,55.79,2811.73,87.95,143.75,23.96,397.44,24.08,27003.52,28.71604,957.4342829,36.12668,2467.9809557999997,58.41103,1167.0550131999998,35.659710000000004,629.3101879000001
29/4/2022,8.67776,760111.6100620229,202.17505,166312.027611953,0.76,23.849999999999998,1849.56,34089.13,162.51,17462.32,36.379999999999995,5762.53,6.26,1458.36,88.47,144.27,22.89,388.01,22.36,25806.85,29.576120000000003,1019.0679634999999,30.00727,2615.0913806999997,60.79697000000001,1221.8991493,33.666259999999994,597.2995586000001
30/4/2022,7.79155,251163.110565115,175.67952,112502.023558877,0.76,24.83,1986.29,38589.29,176.92,18775.35,79.9,4293.4,7.9,1818.67,94.29,149.51,24.67,455.98,22.97,25635.99,26.58797,848.8624768000001,15.79205,836.7853961000001,58.03583,1178.3146132000002,26.02571,441.72958989999995
1/5/2022,0.59118,5355.533524161,53.52462,11249.148750948,0.38,15.7,2053.98,35380.47,171.66,14317.19,3.0700000000000003,375.42999999999995,15.63,1849.37,91.75,146.41,21.39,242.53,h,h,26.84863,869.5791272000001,30.348979999999997,1778.7857647,54.67557,1147.5334185000002,26.965490000000003,451.4534036
2/5/2022,8.30568,592932.7057648051,231.01423,136758.7196994,0.45999999999999996,19.580000000000002,2082.15,43127.73,193.31,20060.1,39.06,5027.93,118.47,6573.1,84.23,127.55,26.45,402.58,23.63,23988.54,50.017250000000004,1745.1197889999999,45.36627,2847.5988042999998,95.97412,2071.7183044000003,51.350750000000005,919.7951691999999
3/5/2022,1.57542,25788.162883803,77.30138,23837.70315407,0.38,15.41,1861.51,32528.65,154.42,14017.09,92.17,1859.03,38.66,2617.97,82.77,124.44,23.01,304.91,h,h,24.48833,1141.5894834,23.31065,1506.4388701,53.70414,1704.8809638,24.909499999999998,435.9838259
4/5/2022,9.48725,510722.98152754694,166.95437,115457.55921261599,0.42000000000000004,17.12,1944.96,39142.74,167.72,18445.18,104.53,4081.81,25.18,3324.9,86.6,128.67,28.68,428.64,35.85,35195.67,37.486999999999995,1505.1497908000001,37.11532,2814.3255637,77.09227,1833.4517423,41.2281,749.3107625
5/5/2022,8.29324,526830.029896361,156.54539,110916.618338604,0.43,17.169999999999998,1995.45,40116.7,170.4,18241.82,75.32,3674.93,143.1,14343.79,86.92,135.06,28.81,494.83,28.98,29858.36,27.54625,1008.5616341,29.610500000000002,2452.1138597000004,61.65495000000001,1272.2130162,34.11781,637.2985306
6/5/2022,8.43247,547324.3596557091,166.55291,124375.908748201,0.44,17.43,1972.09,38218.9,166.66,17603.61,314.97,6017.83,36.12,3341.87,90.54,141.62,28.27,449.05,25.31,26621.56,28.21245,1017.4510368000001,29.588929999999998,2052.8684181,62.17834,1259.3317998,34.021209999999996,609.3639519999999
7/5/2022,6.74106,165287.853396851,154.73609,73581.27986546801,0.46,18.409999999999997,2060.59,37753.22,168.34,16128.6,39.32,2786.84,70.04,5539.57,98.18,148.06,28.55,442.31,22.56,22899.57,14.759200000000002,500.3971058,14.234000000000002,1059.0771915,43.507079999999995,843.2333964999999,18.60515,383.3840684
8/5/2022,0.57085,4673.865720604,42.01731,8102.778172077999,0.4,14.05,1954.13,28907.36,147.38,10505.04,4.739999999999999,216.66,27.86,1523.18,97.78,146.09,22.63,264.54,h,h,39.855329999999995,1233.4139676,33.18573,1697.8083838999999,67.06109,1361.6556751,32.67129,492.7096407000001
9/5/2022,8.53851,499525.627147734,164.31511,98506.46804629499,0.45,16.63,1994.1,39710.68,174.94,18394.28,100.74,2477.8,18.8,1834.65,87.64,133.07,29.73,491.12,25.43,24781.73,48.102109999999996,1662.3254052,43.25718,2624.5915863,89.6078,1854.1326700999998,49.56888,827.7480765
10/5/2022,8.27664,502418.09340954793,148.02035,101936.418169087,0.38,14.06,1942.99,37570.27,165.39,16787.53,82.53999999999999,5399.299999999999,110.8,13795.18,87.58,135.88,28.95,532.18,28.13,26516.54,26.853450000000002,948.3519426,26.67923,1994.6442898,59.00033,1141.4419288,30.131470000000004,534.8551302000001
11/5/2022,7.95476,454517.16505943396,144.4598,93732.20434459699,0.5,18.630000000000003,1974.23,36863.35,162.84,16203.63,207.31,7956.73,16.64,2279.29,89.1,138.72,29.4,532.46,25.23,24712.37,26.224159999999998,904.629596,28.18757,1883.8866373,58.99884,1167.4368414,34.69801,606.0395548
12/5/2022,7.76258,542526.187484555,132.5865,117935.539164744,0.46,16.3,1848.24,33771.63,157.81,16040.72,92.33,2954.23,14.82,1879.77,90.46,140.97,31.33,540.24,24.28,24070.98,29.058809999999998,983.3622225,22.13889,1778.3610431,60.59098,1215.7887446999998,31.83286,535.5101749
13/5/2022,8.62429,603407.1720610469,130.0209,123412.164495173,0.47000000000000003,16.5,1943.36,37429.32,153.13,14727.24,255.94,4023.83,17.44,1722.02,91.04,139.3,29.19,518,22.98,24915.36,19.04502,651.7353430999999,22.3444,1279.3493735,47.723620000000004,932.1013745,23.5783,403.9972722
14/5/2022,1.59289,15056.529737172,60.39972,18872.720523939002,0.55,19.650000000000002,1927.89,31230.91,149.51,12101.87,162.05,2970.2700000000004,4.24,455.26,104.11,154.79,26.54,425.92,h,h,37.924339999999994,1143.9313265320002,30.26003,1324.196710358,66.10194,1345.660097945,32.576699999999995,504.234243007
15/5/2022,0.51917,4141.6927730279995,37.64523,6976.197232250999,0.48,14.83,1884.54,25653,134.01,8010.55,16.88,227.38,53.14,4944.03,98.68,144.56,23.58,311.67,h,h,27.23917,768.3274834,21.679370000000002,814.8915713,51.10268,986.4961971,24.36159,352.9055961
16/5/2022,5.9317,131807.496474782,109.9125,65066.71090021,0.6,19.35,1887.69,33249.98,154.88,14169.64,150.13,4062.67,39.36,2812.76,91.73,134.74,30.71,541.97,18.23,16362.81,21.636619999999997,687.5090769999999,20.153079999999996,1080.0141593,47.0883,925.1297725,22.73912,375.5923279
17/5/2022,9.98681,638107.7213733491,134.93719,110561.936188945,0.62,20.54,1872.92,33295.35,155.81,14932.12,151.4,4585.66,11.1,1555.21,86.97,134.58,31.2,572.99,36.55,33797.36,54.3435,1717.3478610000002,45.2739,2622.5662418,92.25047,1885.4613596,53.38058,858.5896695
18/5/2022,8.47756,485151.349550771,130.54271,99258.727939192,0.66,21.72,1949.01,34027.49,154.91,14535.75,180.05,5294.13,11.62,2327.67,89.77,139.97,28.87,552.94,29.13,29126.81,29.745199999999997,955.1893024,29.75347,2069.3655900999997,60.366609999999994,1201.7386655999999,32.3765,569.9216365
19/5/2022,8.04256,515646.33266907296,123.80218,100519.17781885501,0.67,21.34,1901.9,32947.73,153.26,14517.4,115.12,7223.960000000001,8.44,1406.31,89.69,141.14,28.82,534.13,25,25836.51,28.322139999999997,922.8195272999999,27.7603,2194.8223763,56.918260000000004,1136.3392069000001,31.8928,554.5717132
20/5/2022,7.88571,500537.067739879,120.56286,99064.158789037,0.68,22.479999999999997,1900.24,31912.52,149.71,13751.46,82.94,4284.22,35.02,3799.22,92.86,144.56,26.16,513.65,24.04,27242.74,29.411399999999997,944.4671323,26.76575,1442.9019748,57.45176,1129.8169363,31.040239999999997,522.7166055
21/5/2022,6.21502,143284.624041329,94.89258,55080.353976078004,0.65,21.42,1898,30865.04,145.87,12661.19,53.21,3070.5,48.09,1993.81,98.2,148.18,25.79,443.81,19.95,20236.45,27.74778,840.8397231,22.03328,1577.7456994000001,51.62262,1009.1501344,23.42448,375.0589123
22/5/2022,0.52177,4150.412707797,37.91388,7210.44783053,0.63,18.08,1826.09,23763.95,131.73,7974.73,0.5700000000000001,80.47999999999999,11.43,743.13,98.77,147.75,21.08,262.88,h,h,28.74491,799.8805579,22.30076,933.9706447000001,49.89913,931.6053087999999,22.72283,314.26111899999995
23/5/2022,8.11948,483194.324695533,119.02614,94770.717054479,0.6900000000000001,22.17,1870.32,32828.94,150.66,14295.07,16.15,4713.2699999999995,15.69,1199.63,88.85,135.1,26.46,502.42,24.23,23243.55,50.38214,1583.0106873,39.990309999999994,3295.1631173,81.93526,1642.3640684,42.97369,682.4711643
24/5/2022,7.92065,444109.2218225529,143.15385,92781.121408155,0.74,22.84,1890.05,31870.42,150.13,14279.1,102.71000000000001,3198.75,6.18,1438.2,88.89,138.79,26.49,486.11,23.81,24689.34,28.550340000000002,934.7008699999999,27.96798,1902.0753472999997,54.696360000000006,1049.2557915,30.44952,502.922007
25/5/2022,7.72003,524089.387627101,130.74279,99061.646745987,0.75,23.01,1883.82,31845.24,153.27,14817.17,83.88,3933.65,26.29,2796.95,92.99,143.51,26.21,505.42,23.52,24271.56,29.35459,971.4021768,28.63433,1674.8840012,56.594030000000004,1103.65155,31.566229999999997,509.6868218
26/5/2022,7.60401,460240.467826882,130.98905,98133.716853093,0.77,23.009999999999998,1846.09,31197.03,149.89,14136.62,103.91,4678.27,7.51,1371.29,93.85,147.45,25.32,474.12,21.94,23460.49,28.995060000000002,963.3974662999999,27.22774,2134.8300229,54.97529,1078.3569024,29.46078,485.60613880000005
27/5/2022,8.24444,530142.974369116,142.80831,109054.96911451,0.81,23.71,1834.86,29522.85,145.39,14009.37,124.6,5170.179999999999,11.57,1625.46,95.73,148.88,24.07,430.31,21.78,23359.02,30.284710000000004,964.7059674,28.42642,1730.0696525,56.875260000000004,1114.8675639,32.17368,535.3229845
28/5/2022,1.62501,14709.859150409,58.68985,17284.464002696,0.87,25.52,1860.93,29069.75,147.84,12251.94,118.56,2140.26,40.68,1387.19,100.72,152.83,22.95,365.88,h,h,27.01157,819.2731141,22.405359999999998,1087.6329819,48.342839999999995,984.2881535,22.876690000000004,375.0319341
29/5/2022,0.51741,9824.250901992,36.94769,18684.230832551002,0.8,20.36,1852.2,23047.36,129.26,8321.06,0.8600000000000001,39.11,2.2,155.27,99.29,150.02,19.7,239.18,h,h,31.152300000000004,837.1126726,21.85937,817.7273105999999,51.10309,941.2049946,22.86011,294.6211807
30/5/2022,10.29597,581102.5233365449,176.5528,135232.639730777,0.87,24.59,1836.45,33628.62,165,16466.42,59.989999999999995,4640.29,20.17,2057.96,90.37,137.77,24.34,481.94,34.32,32524.22,49.59783,1557.3703464,38.034130000000005,2748.6118416,81.19175000000001,1634.179787,44.10569,707.2436379000001
31/5/2022,9.3465,717340.9977065519,255.77657,179511.165061267,0.92,25.770000000000003,1912.11,39743.33,173,19624.63,1127.51,31187.49,11.76,2057.71,87.6,138.89,26.06,535.37,25.56,26850.08,27.868679999999998,942.3183720000001,29.113440000000004,1857.7991470000002,57.79818,1117.607244,31.18819,648.7949846
1/6/2022,7.82415,535663.1341531699,287.2777,140338.055198062,0.78,23.540000000000003,1976.68,42008.82,191,21074.35,118.17,5756.97,24.95,3272.25,95.83,151.86,26.21,417.4,22.69,24428.98,28.10815,992.5664652,28.96887,2024.2228486,60.89218,1223.5011304,31.52342,630.7071331
2/6/2022,7.3314,488486.127510943,159.15231,110702.97159332801,0.74,21.92,2186.08,43887.84,176.85,18998.47,138.61,3913.06,117.13,6361.91,93.64,147.32,27.78,466.8,22.1,25303.62,28.36511,1029.1679314,28.59196,2271.9495987,60.60883,1231.5996343000002,32.61065,637.6791169999999
3/6/2022,7.45096,484643.003724632,166.31929,106129.239954177,1.03,29.96,2050.04,38200.28,165.61,17344.3,74.75,3267.91,45.9,3221.99,93.95,146.35,26.64,446.25,21.31,23443.97,29.05659,1041.9113687,28.890030000000003,2126.3793992,61.1682,1235.2215236,33.17172,630.8948032
4/6/2022,6.06602,153178.84259132898,127.04362,64588.583052966,1.23,35.66,1859.27,35010.94,156.05,16202.1,128.87,4468.400000000001,22.84,3637.47,100.16,150.63,26.63,442.16,22.7,27558.84,26.96221,873.2973185,23.261080000000003,1452.9328233,54.36308,1111.5535367,25.59091,471.9357116
5/6/2022,0.55898,4710.553686722,46.13553,8683.98651651,1.11,30.02,2222.02,34073.12,149.73,11203.2,11.149999999999999,155.95,121.1,12241.74,100.06,147.85,23.7,344.2,h,h,28.02731,839.6053945,15.976379999999999,694.6484506,52.42565,1010.0174943,22.043059999999997,347.870621
6/6/2022,8.15282,596922.70669683,159.03666,121777.46964783999,1.27,35.230000000000004,2020.38,39158.04,169.43,17712.57,239.5,3245.5800000000004,47.8,4280.81,91.72,136.7,29.72,534.61,26.49,23627.63,48.50819,1688.5907541000001,45.67449,2909.4899290000003,87.67374000000001,1833.7316742,47.992239999999995,883.3632261
7/6/2022,7.8594,467059.17567750206,184.41455,109186.892092165,1.35,37.79,1995.9,37704.57,165.56,17281.25,86.01,6071.2699999999995,72.69,6158.75,89.5,138.19,29.55,522.32,25.24,24676.12,26.54925,942.2563819999999,30.918239999999997,2176.915258,55.79270999999999,1087.858395,32.00108,615.1934781
8/6/2022,7.56547,442549.401796293,151.96711,98088.00576810101,1.4,38.11,2146.97,38922.92,162.78,16699.36,162.95999999999998,3683.59,33.74,2760.33,92.66,143.38,29.19,529.16,23.78,23389.42,29.67691,1039.5263472,28.04157,1777.8580163000001,61.73337,1244.9398714,30.95714,567.0732451
9/6/2022,7.45894,422264.74523492396,159.1148,97593.378099886,1.36,37.190000000000005,2042.38,36686.89,156.14,16130.25,124.92,4887.49,24.14,2142.75,95.09,146.23,30.15,560.86,23.33,23129.65,28.04011,978.8672234,21.641469999999998,1693.3375182999998,58.241789999999995,1172.6326732,29.589910000000003,519.4752332
10/6/2022,8.20337,602574.606115912,150.88106,117689.85115000601,1.44,39.21,2021.75,36538.99,160.32,16290.16,127.28999999999999,5619.1,119.05,14037.42,97.66,149.46,30.33,608.66,25.02,25076.54,29.023179999999996,972.5233895,34.79528,2101.2846825,59.44852,1188.2542769000001,33.22858,604.0967197
11/6/2022,1.53504,14013.208096720999,62.78955,17529.325318802,1.4,39.59,2037.13,33508.5,149.32,12755.81,100.94,1646.56,7.29,826.84,101.11,151.44,28.15,478.31,h,h,28.659610000000004,876.1760975000001,22.48146,1129.570883,54.058550000000004,1088.4352509999999,22.873459999999998,387.626801
12/6/2022,0.50397,4128.505322978,40.88403,7377.036458328999,1.24,31.869999999999997,1952.53,26074.45,134.21,8932.18,1.9500000000000002,88.11,9.26,552.74,101.79,149.24,24.34,313.15,h,h,28.22531,784.2694243000001,21.865920000000003,859.2809386,51.18417,950.3828683999999,22.29594,323.26823900000005
13/6/2022,9.77882,560277.025240273,169.78206,116059.009730551,1.48,39.449999999999996,2006.68,37447.27,161.68,16143.46,128.82,5181.59,18.98,2031.98,92.09,135.33,33.98,670.1,36.04,32307.08,48.400639999999996,1527.2487393000001,42.30347,2450.0776377,83.95548,1720.152242,44.095960000000005,770.6583337
14/6/2022,7.98513,459557.594976655,140.51599,100024.976376611,1.4,37.88999999999999,1986.69,34441.89,152.39,15058.67,66.28,5187.46,12.22,2066.55,87.53,135.29,31.68,613.04,27.47,26287.97,27.649700000000003,894.9748852,28.24654,2022.2590724,56.47114,1099.3363258000002,29.995440000000002,532.3170423
15/6/2022,8.07371,570644.4844355361,140.89726,104194.709422702,1.3900000000000001,37.43,2040.5,35105.4,155.3,15229.09,71.12,2578.03,97.2,7822.03,87.57,140.16,30.82,651.82,26.84,25478.72,28.04285,895.1190878,29.13219,1673.1445427999997,57.1619,1120.8361537,30.949559999999998,555.5094831000001
16/6/2022,7.57028,442731.019529837,126.82098,97497.337624766,1.33,35.7,2017.36,34093.76,149.13,14650.7,114.33,5661.35,12.73,1758.18,90.32,143.33,30.46,630.88,24.25,24112.89,27.971899999999998,897.0868978,28.438429999999997,1804.2666264,55.89661,1106.9360365999999,29.38735,519.8454395
17/6/2022,7.65575,515252.315459381,127.98999,107130.173938479,1.43,38.17,1962.92,32304.39,144.8,13587.49,78.48,3328.29,9.71,1627.05,92.97,145.55,29.85,586.98,22.78,24404.28,28.33257,889.3105386,27.169629999999998,2522.4954274,55.578329999999994,1089.9193644,30.59298,526.7358356
18/6/2022,6.10079,159214.19640573,101.03386,58575.558404473,1.25,33.55,1818.97,29385.68,141.94,12725.65,86.06,4193.389999999999,17.23,2038.05,96.81,147.71,26.71,491.65,20.91,20289.86,23.57165,685.2375718999999,22.53709,1768.8314364999999,48.89627,935.0065531,23.78165,386.6410701
19/6/2022,0.52089,4025.121727367,40.11012,7859.128375385,1.2,29.2,1670.82,22291.5,123.07,8115.8,0.99,128.79999999999998,3.86,186.79,97.49,146.75,21.31,289.61,h,h,33.17587,907.3044098999999,23.46081,876.9838834999999,57.46212,1024.8549260000002,25.510379999999998,336.158904
20/6/2022,8.20827,522810.484494491,140.19574,100586.08558648001,1.3900000000000001,36.46,1878.08,34282.55,151.34,15329.19,38.32,1905.08,34.01,3790.16,86.68,132.26,30.04,654.03,24.91,22964.56,40.406949999999995,1242.777114,34.30249,1583.0687244,73.21447,1425.2214751000001,39.32651,648.32982
21/6/2022,7.71272,474429.59476296906,126.72772,99106.33045161,1.54,41.2,1904.54,32914.38,147.62,14626.81,68.4,2984.51,35.75,2460.5,85.83,135.03,28.16,559.42,24.4,25132.01,35.5891,1121.0025997,38.65499,2386.1056681,62.30216,1200.5105094,37.80791,651.3069955999999
22/6/2022,7.42116,449794.317994825,134.02148,87381.671176459,1.48,38.65,1885.5,31969.65,146.12,14450.03,92.36,5771.370000000001,21.53,2188.08,88.42,139.62,27.02,532.42,22.78,22924.2,24.452519999999996,761.1621058000001,31.55957,1807.9013992999999,51.06331,967.5674499,29.78463,506.3574904
23/6/2022,7.38201,448681.188195653,121.46783,91019.636293575,1.46,37.98,1854.26,30994.9,143.75,14031.51,68.00999999999999,2987.38,12.92,1440.2,90.15,142.3,26.46,510.78,21.65,22671.32,31.517049999999998,1071.7369312,31.310039999999997,1994.5436426,55.97551,1088.0148953,30.749619999999997,526.5900552
24/6/2022,8.10643,544072.7060490809,129.56091,124373.73103903301,1.5,39.26,1904.89,31022.28,144.14,14285.16,74.88,4471.52,10.11,1613,91.22,144.58,25.29,493.93,21.83,23506.71,29.33253,952.0422246,31.515099999999997,1851.7660657000001,53.80501999999999,1037.164746,31.21722,526.7512543
25/6/2022,1.60834,14682.395097966,59.9252,16977.536220007998,1.51,40.169999999999995,1898.02,29437.83,140.62,12126.29,85.16,1589.1,10.28,1303.74,96.53,149.8,24.23,411.29,h,h,29.54375,885.8436544,24.95375,1169.5754622,50.42565,990.8860919,23.21516,355.9483553
26/6/2022,0.48926,3961.084273894,39.88378,7218.982735686,1.44,34.480000000000004,1865.08,23014.68,124.01,8081.65,0.48,79.97000000000001,3.96,212.42,97.97,148.36,20.56,265.83,h,h,29.37313,810.8163956999999,23.42928,868.9876057,46.70229,857.3891281,22.4219,306.0426484
27/6/2022,10.17144,625024.521338862,138.07229,128262.783373143,1.68,42.800000000000004,1908.78,33292.2,150.9,15403.64,120.47999999999999,7488.34,22.84,2423.87,87.92,135.61,26.76,568.8,35.39,33712.14,48.780969999999996,1538.9878092,38.0343,2364.3391222,77.45468,1537.6079974,44.580220000000004,718.1644077999999
28/6/2022,8.39763,645924.5419169811,154.84259,124159.435211918,1.54,40.14,1865.29,31372.09,146.33,15111.26,94.55,11977.75,57.9,3126.97,85.82,138.45,25.8,511.92,27.57,27737.77,27.28292,898.7015471000001,33.435140000000004,2025.0675039,51.537800000000004,972.5181301,31.10324,573.2102015999999
29/6/2022,8.22476,739581.9953113049,159.73654,116911.324294979,1.5,40.17,1850.76,32020.73,144.39,15357.31,117.41,7398.01,9.86,1516.16,85.03,140.54,23.72,484.39,23.09,25428.73,27.663069999999998,920.1864355,31.499299999999998,2377.5462386,52.634370000000004,1002.5865914999999,31.06031,596.2041618999999
30/6/2022,8.4974,959194.934654993,275.72795,228989.678633027,1.57,42.910000000000004,1798.81,37246.08,152.48,18838.33,90.98,8203.43,11.16,1959.34,85.9,143.36,25.96,563.19,21.15,21602.91,26.74365,935.4296196,29.06293,1776.0597807999998,51.95421,1054.1354034,30.69227,639.797271
1/7/2022,7.23863,729074.7608042059,264.96551,153549.143294563,1.31,43.18,2110.38,43831.02,167.79,19535.73,149.89,12506.21,25.3,3346.08,88.41,146.41,26.77,440.12,20.16,24929.87,26.3719,944.0282980000001,28.58247,1991.0992633,55.50022,1107.2699037,30.64708,620.4653013
2/7/2022,6.14911,187400.656599353,133.92564,74828.379816648,1.34,43.95,2134.15,42108.81,164.68,17776.45,67.61,6837.99,121.22,6749.72,92.54,144.33,27.47,459.43,21.33,23900.36,26.748829999999998,877.3345853000001,23.925620000000002,1583.7228178999999,55.71144,1123.5847829,25.39115,494.1083769
3/7/2022,0.56431,4750.268932887,43.7291,9507.459299263,1.2,35.86,2049.51,32114.33,142.12,11580.17,0.88,100.67,44.77,2344.17,93.56,144.18,23.94,323.83,h,h,30.39649,910.8714256,24.69385,1193.2287198,55.60788,1076.6203476,24.279920000000004,415.654041
4/7/2022,7.99194,528248.17774649,159.5281,104777.47771515501,1.41,43.16,2093.17,42995.32,169.28,18957.86,268.27,4173.01,25.69,3492.29,85.52,130.01,30.9,564.63,26.58,24009.64,46.74995,1661.4882115,47.277029999999996,3043.7536955,86.07685000000001,1799.9977354,50.36283,1004.1682932
5/7/2022,7.74275,460352.65802909806,185.05347,106495.40457882099,0.54,17.1,2077.94,41456.59,163.67,17969.66,144.60000000000002,4476.99,155.3,15202.6,82.73,131.23,30.41,601.23,25.89,25155.65,26.84466,1002.6453963999999,29.89025,2194.850309,56.31183000000001,1108.4441947,32.462489999999995,695.3585481
6/7/2022,7.29759,483844.38839883107,177.04117,112469.20695601699,0.51,16.13,2093.44,39822.21,159.62,16870.01,128.14,4137.2699999999995,33.47,3120.28,85.11,135.14,29.57,546.18,23.95,23220.38,27.606240000000003,1017.0094561999999,29.868319999999997,2257.8003202,57.24866,1143.0200769,30.39076,626.6798569
7/7/2022,7.51643,515991.72895212995,190.91096,113372.115157035,0.51,15.96,2120.26,39624.23,158.18,16835.03,152.17000000000002,4640.82,67.46,5858.66,85.1,137.03,30.41,581.91,23.45,24243.53,27.340709999999998,991.3733935,29.903769999999998,2147.4853669,56.85513,1142.9603178,31.711460000000002,617.0830887
8/7/2022,8.03536,494091.89330232696,197.66452,133125.59402802298,0.51,15.67,2079.58,37817.79,159.06,16326.3,182.3,9184.109999999999,41.49,3028.86,89.96,140.28,28.64,548.42,24.36,24057.81,28.50845,1004.6720227,28.42675,1803.8629569999998,58.821369999999995,1177.8726224,30.60498,578.7874555999999
9/7/2022,1.54438,14136.090705033002,67.14482,18017.295551372,0.63,19.82,2100.71,35896.16,156.25,13555.43,55.150000000000006,1028.3200000000002,14.67,963.61,92.69,139,27.5,477.43,h,h,28.80381,932.6013571999999,24.21558,1224.0003578,55.07282,1128.8778105000001,23.9313,408.96428900000006
10/7/2022,0.48222,3978.9988459949996,41.40251,8449.088112985,0.47000000000000003,12.92,1932.44,26632.94,127.61,8707.75,0.82,47.379999999999995,64.72,11040.13,83.67,125.47,23.37,362.87,h,h,26.59335,783.2115964999999,22.43322,945.9406233000001,47.58341000000001,911.0903686999999,22.255209999999998,346.19641690000003
11/7/2022,9.00307,532495.569254776,170.21934,110539.20347965902,0.5700000000000001,17.29,2000.96,37142.02,155.56,15464.16,176.82999999999998,3857.9700000000003,50.3,3693.15,78.73,116.71,32.35,673.62,35.62,30873.08,43.977869999999996,1468.4270302999998,40.91319,2415.2064934,79.51348,1634.5002687,42.865579999999994,791.2662052000001
12/7/2022,7.85569,416837.79478393303,146.92594,95511.83187835201,0.6,18.53,2011.21,35038.16,152.64,14678.2,90.44,3761.38,24.5,2297.03,80.06,124.14,31.85,650.66,28.98,26485.26,26.11831,869.8745472,27.57982,1800.285669,53.82538,1035.5250435,28.87025,557.8499239
13/7/2022,7.24301,419777.343059197,140.89594,95971.714681774,0.59,17.66,1989.5,34242.77,146.76,14015.62,117.52000000000001,5045.099999999999,18.06,1502.73,83.08,128.88,31.16,603.38,23.94,22943.75,27.9861,923.9905842,21.343490000000003,1286.9646143999998,54.972100000000005,1091.3265567,27.950059999999997,514.9437734999999
14/7/2022,7.34307,447794.586409457,129.73648,95914.15230769,0.63,18.99,2023.58,34743.09,148.18,14123.76,117.95,3446.3199999999997,17.68,1929.61,80.49,129.44,30.27,640.51,22.64,22790.55,18.91689,649.8390559,22.95503,1284.4981837999999,44.95585,859.2107248000001,22.61156,457.9186958
15/7/2022,7.58226,574483.2173049779,138.47504,108615.655306228,0.6,18.76,2019,33702.42,153.61,14091.4,145.25,4500.83,94.11,7804.62,85.59,137.4,30.45,664.05,24.24,23573.47,27.47098,894.3798362,29.847099999999998,2031.2774917000002,54.71736,1086.7314943,30.71948,597.2707694
16/7/2022,5.93203,150230.311634373,102.96711,59762.105434663,0.59,18.39,2013.56,32704.58,144.74,12905.07,130.59,4865.450000000001,10.63,1549.1,89.98,138.57,28.18,529.45,21.49,20498.31,35.83457,1096.5267006,32.46622,1946.2706104000001,59.53161,1229.2586794000001,30.528309999999998,549.6447933999999
17/7/2022,0.50867,4125.223891585,44.02912,7568.919286691001,0.55,15.48,1975.48,25086.78,128.87,8187.95,5.529999999999999,166.06,3.19,286.43,88.21,136.68,23.17,324.91,h,h,28.859280000000002,813.2783608000001,22.4275,874.7928643,49.51888,953.0765579,20.816589999999998,313.54708489999996
18/7/2022,8.08217,551505.058513275,140.67618,97484.356141812,0.62,18.57,1980.21,33652.23,149.56,14504.14,66.72,7939.4,12.84,2023.75,82.68,126.55,30.83,661.57,24.72,22419.42,46.90704,1476.8729669,42.306439999999995,2932.7976965999997,79.16603,1621.3056669,43.36715,790.2365838000001
19/7/2022,7.6858,422969.886843192,127.01334,97457.04130385,0.62,18.4,1997.15,32665.89,138.92,13953.87,59.53,2589.8,8.81,1533.55,80.75,129.94,30.17,597.65,24.31968,23970.27,27.216649999999998,871.5903868,28.27319,2696.8697724,53.57642,1027.6480918,28.469389999999997,544.3042955
20/7/2022,7.48893,477491.941725875,128.03848,98997.907209789,0.59,17.470000000000002,2060.07,34113.78,146.86,14122.94,96.65,3869.6699999999996,33.01,3864.95,82.77,131.78,29.82,648.26,24.41,23447.67,21.76345,706.5051288,27.97583,1709.1059248000001,47.3916,899.8236753000001,27.94552,546.9897053
21/7/2022,7.20246,480857.80783915,119.35329,100864.606754161,0.59,17.48,1995.59,32083.3,131.22,13416.83,90.42,3610.9900000000002,21.52,2221.13,82.52,134.97,30.36,615.1,22.5,22697.95,33.53463,1087.8221471000002,30.940850000000005,2134.7531855,59.08006,1175.3265693,29.03797,546.2761925
22/7/2022,7.9124,529183.8682988241,128.99951,99222.97133883499,0.55,16.47,1984.87,30587.13,136.47,13202.57,102.25,6494.719999999999,23.43,2038.65,85.35,137.96,27.82,547.12,22.65,23779.8,20.77363,686.9830326,12.11676,711.333247,45.18972,845.0182059,20.38398,360.36934840000004
23/7/2022,1.53261,13511.519758214,61.7797,16696.541943988,0.5700000000000001,17.46,1961.15,29270.86,149.98,11663.18,56.36,1366.5900000000001,3.21,389.48,88.29,137.38,25.06,434.47,h,h,26.294330000000002,810.7705477,33.48371,1994.0141878,47.91108,944.9231307999999,24.86863,467.0566985
24/7/2022,0.4622,3615.9829618960007,41.68026,6852.488081283001,0.58,15.309999999999999,1922.39,23283.4,124.95,7927.64,1.84,110.78,1.75,170.79,88.61,133.68,21.22,270.14,h,h,40.92014,1208.6033770000001,37.28983,1807.812964,56.72377,1144.9239377999997,28.71788,438.65090480000003
25/7/2022,9.47366,554650.930856659,140.84331,114428.47097683899,0.65,18.89,1963.87,33362.36,148.31,15680.29,136.57999999999998,3692.62,47.59,3223.12,79.66,119.9,27.36,593.29,34.92,32056.65,48.81326,1582.3675609,41.66955,2554.2576006,76.38969,1549.1449922,41.192130000000006,737.7595091999999
26/7/2022,7.87019,477986.08083390305,123.1778,93154.01253379301,0.68,20.34,1951.14,31535.55,139.16,14071.31,184.71,5354.29,9.42,1811.8,79.54,125.33,25.9,518.58,26.74,27418.79,27.691519999999997,923.3202056999999,31.393249999999995,1963.8296856000002,50.903209999999994,975.9642944,27.92188,555.1368442
27/7/2022,7.75623,472882.417323345,122.80132,99416.84350940799,0.76,21.98,2030.82,32141.8,149.64,14806.55,94.09,3928.0299999999997,14.84,1802.95,83.23,134.4,25.96,515,23.5,23515.56,28.269660000000002,926.6631588,29.97009,1797.9493397,52.1761,1006.4249568,30.05134,570.0086853
28/7/2022,7.66124,578054.9737818011,136.03519,117209.78779684199,0.8,22.73,1971.07,31311.84,149.18,14954.31,86.32,4823.36,57.04,2847.95,84.03,137.54,24.71,482.42,22.05,22199.33,20.613390000000003,693.3330163,22.01971,1350.9071988,44.2121,827.366055,24.18335,459.2605926
29/7/2022,8.31934,765215.001908048,207.26057,166964.321170223,0.8,22.67,2039.83,35222.25,149.97,16579.15,153.49,7897.79,7.64,1483.76,85.8,140.5,25.1,492.85,20.51,20931.12,31.252910000000004,1028.0993917,33.85141,2464.8444606,56.29739,1103.306449,32.586690000000004,627.4254431
30/7/2022,7.07141,249020.792395627,153.62387,98199.51839918,0.79,22.74,2132.19,38375.84,155.74,16630.56,80.19,7167.2699999999995,10.06,1610.53,91.61,144.64,26.16,514.19,19.72,20608.29,22.04889,713.6820431,16.488950000000003,1058.5708729,47.04901,926.8302593,19.071259999999995,406.9375823
31/7/2022,0.71354,6879.748745113,52.4952,11930.342905476,0.78,20.67,2078.18,30551.59,139.72,11447.06,9.780000000000001,566.5,3.33,522.04,91.25,142.98,21.54,334.27,h,h,39.99434,1220.5487578,33.92857,1700.9236131999999,62.90905,1318.0282628999998,30.86798,580.5430311
1/8/2022,8.20099,596699.989288859,270.49902,143815.192793239,0.33,11.24,2171.27,43568.17,176.56,20191.65,75.73,4373.02,25.71,3184.42,80.39,131.23,27.13,474.46,23.37,23864.21,46.94214,1596.4612392,45.64987,2924.2349667,83.48004,1713.2049125,46.27102,947.2853922
2/8/2022,7.43612,491258.503812287,161.69229,106501.610176735,0.32,10.879999999999999,2231.53,42085.99,167.16,17965.86,141.78,5908.960000000001,131.4,7256.32,79.46,131.86,29.44,515.67,23.5,24652.3,27.13205,971.7371359,30.44435,2088.7554966,56.85724,1111.1063791,31.669420000000002,656.0707803
3/8/2022,7.21302,450401.374707172,156.84064,98578.13244525,0.42000000000000004,13.260000000000002,2115.76,38693.87,149.97,16649.28,127.02000000000001,4303.15,50.04,3439.78,86.02,140.58,29.01,491.72,22.74,23488.77,27.90875,1012.0756233,32.29605,2148.5687961,58.17595,1220.0850755,32.135960000000004,660.7001266999999
4/8/2022,7.23371,423603.11686815403,154.73257,108259.603079577,0.61,18.36,2168.76,40079.82,162.43,17231.52,176.97,4002.83,26.29,3820.41,85.14,140.11,29.23,526.34,23.27,23164.18,27.89237,1028.5917390999998,31.569570000000002,2109.4553152999997,55.78903,1149.3585398,30.70371,638.4589607
5/8/2022,7.23768,538079.409717647,176.83979,110839.77831511699,0.6900000000000001,19.240000000000002,2048.27,35859.8,158.41,16110.99,124.5,3140.3900000000003,153.31,14871.73,84.33,139.22,28.83,560.19,23.18,22664.55,26.9486,983.1255669,33.51538,2311.9504407,55.71659,1097.8708422,33.21734,672.0174157
6/8/2022,6.02086,204992.96303546798,158.3053,78659.524672772,0.51,14.82,2254.73,39064.52,160.11,15382.76,133.14000000000001,4734.46,30.41,2979.63,90.87,142.07,29.18,514.31,21.44,20826.24,29.83954,990.2178363,27.249409999999997,1706.8373215000001,54.597629999999995,1101.714228,24.636300000000002,476.56655309999996
7/8/2022,0.5312,4888.829762755,51.74575,9790.221750385,0.52,14.34,2124.83,29906.75,143.31,10366.39,1.2,181.8,52.14,4414.78,91.1,140.77,25.19,342.41,h,h,29.102810000000005,898.4952627,26.089949999999998,1297.7012455,51.252829999999996,999.3904689,22.46251,379.2635767
8/8/2022,8.50001,653200.1910929891,176.85296,101270.76367264001,0.55,16.8,2162,39627.08,167.05,17068.53,299.59999999999997,8767.55,49.81,3398.62,82.48,126.73,32.19,617.6,25.52,22769.06,46.852850000000004,1611.8914155,46.956269999999996,2808.8309364,81.71991,1702.1940275,45.57014,859.6720273999999
9/8/2022,3.10221,59541.65084878,141.51243,50298.26265405,0.53,18.04,2104.64,34997.87,156.1,14630.86,59.18,1104.83,15.23,1586.75,82.77,130.79,28.85,513.62,4.39,3465,23.623710000000003,804.5918227000001,25.41731,1552.2569332,46.84564,923.469562,22.86295,438.2276508
10/8/2022,9.72959,586545.9217809519,196.97823,123845.684242649,0.64,19.72,2258.23,41043.38,172.84,17608.53,88.97,2774.15,122.87,14178.95,88.92,135.22,31.63,673.75,36.48,33192.95,38.61744,1305.2581392,39.87692,2455.3592376,71.19196,1436.3461046,37.2656,745.5649781
11/8/2022,5.5934,515004.34584871895,133.05322,92314.880112787,0.61,17.830000000000002,2258.37,36349.91,154.59,13943.16,160.03,16609.69,14.61,2303.95,91.34,136.79,27.76,487.22,20.08,18521.23,32.48129,995.0289221,30.244429999999998,1635.8268368,59.31831,1135.8108613,28.62471,531.6872813
12/8/2022,8.00656,587446.34808325,142.12342,106558.03328175601,0.53,16.24,2094.52,33508.36,147.25,14285.7,88.77,4668.72,19.06,2234.22,91.57,135.25,31.68,603.93,23.01,21460.43,31.45232,968.1206623,28.72458,1517.837801,56.635310000000004,1103.9031998,28.63656,541.5979511
13/8/2022,1.54905,14567.060485873999,63.9246,16780.713378106,0.49,17.279999999999998,2087.53,32266.78,145.38,11914.07,97.63,1785.42,6.52,535.49,101.8,146.04,28.97,507.52,h,h,29.687659999999997,911.3429636,15.09814,754.3974673999999,51.78414,1075.8534775,19.24281,319.32856250000003
14/8/2022,0.49595,4086.3648944779998,46.74765,7588.562135923,0.39,11.860000000000001,1992.48,25307.67,128.51,8075.1,1.77,222.79999999999998,7.96,517.58,98.62,142.43,23.63,324.52,h,h,29.40307,855.1782671000001,28.95154,991.7534298,48.96341,970.9577536999999,22.030820000000002,368.22080189999997
15/8/2022,0.61021,5531.4177063669995,55.56547,11239.975063446002,0.38,11.21,1946.64,25414.14,126.16,8412.21,1.6,51.870000000000005,53.44,5364.61,90.75,127.45,24.77,363.31,h,h,26.27616,851.0947151,22.34224,833.1867194999999,43.57908,914.0924504999999,20.05123,312.9581099
16/8/2022,8.6672,206259.816520117,136.45375,94187.688771011,0.49,15.06,2087.37,35358.46,151.44,15118.61,124.42,2356.87,47.48,2833.27,85.94,122.71,37.05,745.19,30.81,27019,21.61058,670.8507048,22.47883,1118.1004822,43.14385000000001,825.4761617,21.44718,418.4384523
17/8/2022,9.21809,776686.666949592,158.65356,148512.046288303,0.51,15.74,2134.04,36034.3,154.95,15613.17,105.74,4063.38,13.47,2195.65,84.25,126.92,33.08,667.13,36.32,30969.73,61.930589999999995,1941.4331601999997,55.544290000000004,2834.733982,95.58592,1997.2838935999998,55.19437,975.823877
18/8/2022,8.54355,616253.404420896,165.03345,111740.132532141,0.54,16.52,2145.22,35365.86,153,15094.98,79.45,12014.94,20.13,2853.67,85.3,133.36,31.97,633.5,28.24,25828.65,30.808770000000003,967.0945257999999,30.164859999999997,1901.9740747,56.18834,1122.7054951,29.26819,568.8225728
19/8/2022,4.63826,468663.541268536,104.52613,74025.230308989,0.5700000000000001,17.419999999999998,2072.71,31204.93,144.43,12883.12,106.62,5029.21,14.03,1444.7,84.74,137.46,27.27,480.16,12.18,11539.46,30.089699999999997,948.7652918,30.334380000000003,2081.7134043,52.32043,1055.7669272,28.675689999999996,530.7675631000001
20/8/2022,6.80018,166824.36651773698,105.05891,59632.738192471996,0.55,17.630000000000003,2103.98,33072.27,146.75,13414.27,86.95,2507.29,28.77,3529.44,91.53,138.94,28.44,567.41,24.95,22617.1,17.293409999999998,527.0331767,11.93349,681.7435253,38.36679,720.1344402,13.475,263.5136795
21/8/2022,0.54498,4836.980811721,41.9401,7956.893294664,0.56,16.05,2012.59,25174.59,127.69,8038.77,1.25,158.66,8.3,779.31,97.86,144.87,23.42,321.94,h,h,39.56436,1132.7820504999997,35.939769999999996,1404.1567886,55.369820000000004,1113.349048,28.482990000000004,443.03319880000004
22/8/2022,8.57515,534856.414266451,217.40073,101163.167332255,0.65,20.12,2098.1,35304.68,151.19,15183.58,104.11,2790.37,30.51,2568.18,86.44,130.93,31.3,639.34,26.69,24325.71,46.274680000000004,1477.3036066999998,45.99354,2331.6897164,72.46805,1496.2115107,43.020579999999995,764.9916040999999
23/8/2022,8.15771,459665.03241857694,121.05148,102074.901051016,0.64,20,2065.06,33735.52,146.54,14480.99,63.44,3698.5299999999997,11.15,1865.2,84.31,133.73,28.79,575.98,26,25554.24,28.94409,967.0060245,30.78913,1832.4885384,50.28632,978.8227185,27.91849,539.4417782
24/8/2022,7.76257,481309.987971492,125.46988,93817.84638323101,0.7000000000000001,21.85,2082.78,33988.13,144.34,14447.23,123.64999999999999,4246.44,13.27,1378.64,84.78,137.32,27.5,555.48,23.63,24418.12,29.02159,988.3451938,25.52283,1469.234806,51.14662,1009.4784541,25.76658,479.3308181
25/8/2022,7.80932,539896.072733076,123.35744,112071.304409091,0.72,21.970000000000002,2106.28,34666.38,148.17,15051.46,126.17,5288.139999999999,50.71,3136.75,85.56,141.82,27.77,590.9,24.21,24265.31,28.8273,1008.5353116,40.93886,2361.3734892,51.18355,1029.0716642,30.12706,605.7011015
26/8/2022,8.89656,574259.0635548971,130.71417,117827.713510935,0.76,22.92,2051.4,32104.76,146.91,14826.52,201.31,9082.84,13.21,1645.07,87.86,145.64,25.5,518.5,23.67,23982.94,30.27392,1015.9064875000001,31.81632,1800.3515233,52.831289999999996,1038.5913564,28.58746,538.1485949
27/8/2022,1.73132,16735.764253839003,62.28371,18494.486620236,0.74,22.27,2146.53,31003.69,139.47,12146.04,63.85,1662.49,7.7,833.45,93.23,148.47,25.02,422.56,h,h,30.38232,931.068836,27.79649,1283.169513,49.339059999999996,989.6309472999999,22.692879999999995,384.17817829999996
28/8/2022,0.53217,4419.300017181,46.15616,8335.238261589,0.7,17.669999999999998,2133.36,24581.62,125.42,8309.46,0.44,116.35,40.7,1421.77,90.99,144.27,22.32,266.09,h,h,30.61375,873.4795265,27.14235,946.1105988,47.628220000000006,923.7880942,22.99067,316.6373726
29/8/2022,10.43168,723868.045939383,165.19927,144868.23748101498,0.86,23.86,2138.82,36565.66,155.55,16651.75,110.5,9944.95,20.54,2078.31,85.43,132.36,26.45,558.17,34.69,31492.67,44.80579,1438.5915802,41.954080000000005,2496.8883369,71.55230999999999,1452.2578997,41.01674,699.41615
30/8/2022,9.82807,843318.175780758,235.89415,183516.944488302,0.81,22.93,2255.78,40909.83,164.06,19183.51,129.83,9860.66,10.7,2204.96,85.38,141.88,26.53,552.03,27.49,27744.3,26.44239,896.1080704999999,28.04039,1808.8853288,51.37299,988.6845737,25.63481,538.9749838
31/8/2022,4.48283,111882.58733155599,140.15044,87073.499257248,0.79,22.63,2165.48,36317.38,153.35,15708.92,96.88,2691.8,7.91,1244.06,80.49,137.92,24.71,474.36,9.95,10558.35,24.58344,815.5324219,32.06416,1774.7603167999998,44.61607,886.8626352,27.276589999999995,560.4131099
1/9/2022,7.74467,613313.351166267,262.97546,148408.507934857,0.36000000000000004,14.52,2312.02,46102.69,177.58,20617.22,92.75,10560.179999999998,25.78,3322.94,82.81,139.94,29.88,505.65,24.97,27394.17,32.36394,1163.916094835,25.47281,1777.264606103,60.82943,1240.2144336840001,30.921120000000002,647.02755733
2/9/2022,7.60748,575922.3213381299,163.26775,109162.25369091,0.36000000000000004,14.01,2344.38,42755.56,168.38,18442.56,148.66,4624.14,132.37,7512.92,85.29,140.29,29.39,495.87,23.15,24617.86,27.5527,1011.5691644999999,24.49499,1715.9815144,55.805200000000006,1118.1908477,28.548479999999998,578.1056133000001
3/9/2022,6.20771,165259.853814734,137.1095,68900.547817196,0.35000000000000003,13.219999999999999,2343.42,41387.77,161.17,16840.99,91.4,4749.37,54.11,3630.83,92.4,146.42,28.11,447.05,22.94,21916.67,35.97289,1213.9150834,52.1114,2917.7833064,60.771010000000004,1289.3347789,34.90586,724.2501898
4/9/2022,0.58301,5477.186833494,50.3391,9679.108780528999,0.27,9.52,2222.1,32092.83,145.36,11480.35,3.27,260.54,21.29,2209.68,91.04,143.21,24.3,307.16,h,h,17.00327,555.5573722,15.2431,753.6161053999999,39.23523,735.9521037,14.87439,267.69650579999995
5/9/2022,8.0826,485930.52558086894,176.89667,104607.521416231,0.4,13.709999999999999,2321.17,44581.11,174.16,18761.72,87.96000000000001,4782.69,165.51,15623.64,85.34,132.13,31.66,610.07,25.99,23133.05,49.398889999999994,1746.0447826,50.342960000000005,2945.4229571,82.30775,1785.5697132999999,47.65554,905.7199617
6/9/2022,7.83304,551711.870816504,183.34231,114795.544038069,0.39,13.9,2288.42,41284.01,163.24,17614.61,86.31,12135,35.6,3689.21,84.02,133.48,33.09,572.7,24.87,25396.46,36.40612,1329.2710167999999,43.588190000000004,3005.9521784999997,63.590329999999994,1317.6459024,37.389939999999996,754.8278100000001
7/9/2022,7.57146,469794.916025855,191.82417,104395.305014944,0.4,14.28,2298.87303,41648.127338034996,167.09,17607.79,150.27,5121.43,68.04,6106.35,89.28,143.37,32.4,601.66,23.16,22813.2,28.20746,1029.253662801,32.770939999999996,1964.1669314720002,55.742050000000006,1139.49498124,30.70089,633.565219357
8/9/2022,7.26826,475708.99132969003,158.4177,106308.402982908,0.41000000000000003,14.54,2269.81472,39016.032615582,159.74,15738.16,100.94,4076.94,36.49,3120.49,88.28,142.11,31.85,595.07,22.4,23602.15,27.766329999999996,1005.8798253,31.549300000000002,1956.0026813999998,52.83319,1058.696844,29.52671,594.4141044
9/9/2022,7.47825,557309.158608362,176.30119,101535.56602935899,0.43,15.31,2220.49,37027.98,156.41,15324.64,92.44,4137.08,24.16,2422.89,87.97,143.5,31.45,582.39,22.13,22595.53,28.71002,990.4556628,31.452029999999997,1764.1556125,53.165040000000005,1075.9800215,28.747529999999998,548.0641318
10/9/2022,1.65528,15639.109556445,71.98503,18934.487119478,0.42000000000000004,15.44,2249.38,36076.21,151,13296.22,24.4,1032.08,75.59,11789.9,89.27,138.97,30.34,564.89,h,h,17.4498,576.7256345000001,14.514660000000001,720.9215423,39.790589999999995,779.8447743,13.68815,263.889728
11/9/2022,0.45413,4067.0422397400002,46.90321,8952.944213192999,0.38,12.530000000000001,2222.64,28818.13,138.48,9160.91,1.67,113.88,6.75,820.52,91.97,147.06,26.53,360.86,h,h,37.821940000000005,1111.6786634,38.56972,1529.9946381,55.111630000000005,1102.9137017,29.77823,473.0142209
12/9/2022,9.7021,593349.547065765,164.56435,125751.927274108,0.49,16.53,2242.62,39419.29,167.05,16914.76,139.07,4890.13,52.95,3376.07,82.86,129.79,36.81,713.27,37.97,32152.69,48.473870000000005,1542.8281609,47.72261,2418.7942006000003,79.3383,1607.9469222000002,45.41632,811.0696869000001
13/9/2022,8.23086,515033.029182377,142.60721,101352.359941637,0.52,18.04,2219.11,37206.64,160.9,15646.29,91.50999999999999,3859.43,12.44,1727.3,80.85,133.67,35.96,681.32,29.68,27460.18,27.41681,900.9028893,32.6288,2007.9486220000001,51.49444,988.1438799000001,29.52601,580.8176335
14/9/2022,7.95258,500613.597756292,143.67238,123820.496740202,0.50739,17.5594807959999,2253.62,37938.12,154.01,15371.49,83.17,3269.58,13.61,1769.59,83.55,138.88,33.19,671.6,25.45,24157.52,27.71462,900.7657886000001,32.45207,2065.6468599,51.77326,1000.9451414,29.55228,563.3535883
15/9/2022,7.91016,628994.4585284619,137.39036,117884.259609196,0.50524,17.316809,2245.68,37563.76,152.52,15309.55,255.21,5095.59,96.43,8352.35,83.73,140.97,34.07,709,25.41,23945.21,26.104539999999997,842.8939250999999,33.06995,1813.7880894999998,48.69768,955.1898188,29.330289999999998,563.0360049
16/9/2022,7.73204,583607.165993923,148.28173,101726.427965726,0.48000000000000004,15.85,2255.26,36237.8,149.85,14364.8,67.92,3099.9700000000003,18.7,1845.53,85.38,143.05,31.35,627.19,23.42,22678.72,20.45082,677.8423998,21.75219,1261.0543911,43.448589999999996,839.4072216,21.446740000000002,420.3009924
17/9/2022,5.67781,144276.611758253,106.34518,55843.686205367005,0.54,17.18,2267.25,33100.06,144.76,12513.12,84.16,2524.1,14.07,1462.21,86.87,141.7,27.81,544.5,20.32,19079.12,37.531760000000006,1155.4210936,38.65357,1704.8523585,56.62945,1166.3517169,28.997300000000003,506.3360189
18/9/2022,0.56217,4885.04111728,51.38986,8307.222599039,0.52,15.110000000000001,2140.49,25809.84,130.2,8155.28,5.35,209.51,7.95,992.6,84.14,138.1,24.17,331.62,h,h,28.2506,719.627878,25.72472,749.2389956999999,46.476870000000005,825.9258109000001,20.822269999999996,281.5703648
19/9/2022,8.41752,640998.874348795,145.02715,107612.08651941,0.5800000000000001,18.32,2203.34,36275.55,151.79,15057.41,87.28,2498.86,9.13,1369.83,81.2,130.96,33.38,668.51,24.88,22044.45,49.17363,1623.3223886,51.61899,3560.6915946999998,75.60899,1579.3692203,44.585229999999996,814.2543501
20/9/2022,7.98936,637531.557971081,145.60456,103278.10515311999,0.66,21.45,2222.49,35652.81,151.76,14613.14,115.18,4093.26,37.18,4505.24,81.89,137.1,31.37,638.94,25.91,24144.3,28.13649,924.2907301,27.210900000000002,1717.8002439000002,50.65397,963.9168007,29.491110000000003,522.387116
21/9/2022,7.41842,520752.74856382696,143.62772,95938.54179151701,0.68,21.48,2222.64,35651.91,149.21,14584.24,91.25999999999999,3584.25,17.63,2226.77,84.4,141.82,29.35,598.05,22.27,21772.99,28.88195,964.1813950000001,43.70692,2201.2744309,50.48517999999999,977.2658016,31.75905,592.8337429999999
22/9/2022,7.65912,576489.736284264,201.57368,110889.4817291,0.6900000000000001,21.040000000000003,2253.65,37245.02,144.74,14636.53,102.5,3571.75,20.52,2069.11,84.93,144.69,29.72,580.99,22.78,22325.32,20.646320000000003,723.6081643,19.39875,1346.2866358,43.41799,812.5645337,22.5766,514.5180646
23/9/2022,8.13984,662687.992140225,141.32476,115622.79679501201,0.75,22.78,2240.82,35202.31,144.21,14672.65,96.61,4936.89,16.02,1643.17,86.3,145.83,26.8,529.61,21.32,21119.44,37.38044,1244.0066378000001,67.16145999999999,5431.734025600001,56.32202,1105.0351242,44.1036,1328.2547651
24/9/2022,1.72303,16214.768471704001,68.01608,19706.990248226,0.8200000000000001,25.3,2254.85,33468.05,143.88,12501.56,67.2,901,23.92,566.89,92.34,149.74,24.58,417.21,h,h,30.926840000000002,985.6358235,25.62548,1312.2875239,48.73698,974.2381961,23.810129999999997,523.9913803
25/9/2022,0.53897,4607.863462010001,46.08479,8457.788374528,0.78,20.98,2224.62,26617.01,131.47,8479.13,1.98,433.8,10.32,1213.58,85.12,143.33,21.61,279.96,h,h,31.275769999999998,913.7964370000001,56.786449999999995,3395.2001412,46.55602,864.3127783,27.70903,597.8148479
26/9/2022,9.58553,738474.3397158181,148.85417,187010.19822015,0.8300000000000001,24.12,2264.06,38681.13,156.96,16319.14,77.74000000000001,5004.450000000001,26.84,2353.33,83.46,135.86,28.22,561.01,33.18,28805.68,49.923919999999995,1703.9817032,71.54285,4413.8266649,73.23515,1511.3899872000002,51.908879999999996,1113.8541489
27/9/2022,9.43998,650625.161869058,141.5632,129435.949598718,0.84,25.39,2243.49,37077.33,151.92,16286.11,79.25,5009.54,9.01,2198.66,86.24,142.49,28.14,562.7,29.25,30532.78,28.38714,1025.3346976999999,31.41581,1925.4797911,49.141760000000005,999.4710639,29.316160000000004,631.4280703
28/9/2022,8.70922,686404.6445116691,161.36995,129762.050322574,0.81,24.48,2294.03,37494.05,150.58,16288.53,130.23,4941,51.44,2832.21,88.81,147.98,27.62,528.6,25.46,27001.71,30.5187,1127.2547006,54.68076,3249.8877606,52.16931,1094.3958528,33.62357,739.6706763
29/9/2022,8.94086,731727.0312605619,188.74193,150365.894597162,0.75,23.54,2261.41,38173.16,154.02,17003.1,262.65,8971.54,15.55,1846.86,89.18,152.09,26.65,522.3,23.3,26579.85,29.40849,1090.2583236,40.391000000000005,2598.8349657999997,50.991569999999996,1064.4585367999998,31.45659,685.0204957999999
30/9/2022,9.4847,1032228.627152134,287.05306,234466.36206241202,0.98,30.490000000000002,2405.86,46833.8,169.87,20849.31,82.9,9034.94,13.8,2527.64,92.61,156.21,30.3,640.48,23.63,25837.22,30.42247,1139.7303537000003,41.351969999999994,2572.1591032,54.669000000000004,1157.8738149,33.464079999999996,828.9850250000001
1/10/2022,7.29699,303196.126320907,257.42595,125533.59682685901,0.46,18.33,2586.47,50382.75,185.32,20445.68,105.97999999999999,7967.46,22.89,3260.17,103.8,166.56,30.43,477.65,21.29,24299.73,29.510960000000004,1043.3369217000002,34.06037,2171.5394327,53.67148,1144.9622570999998,24.44252,565.2079231
2/10/2022,0.67598,6633.0926176660005,59.73946,12545.300315953999,0.42,15.96,2483.64,39039.52,156.6,13172.42,16.47,518.63,127.41,6233.68,99.51,154.81,26.2,337.95,h,h,28.939040000000002,1015.36185,38.32818,1926.6350964,48.57917,1103.1494457000001,24.044379999999997,484.74003070000003
3/10/2022,8.1373,762550.622763369,199.87262,125748.24139791899,0.48000000000000004,17.74,2480.21,47218.26,177.31,19480.96,61.67,2629.33,57.05,3765.42,86.35,135.59,31.39,538.37,22.85,23070.7,49.08451,1837.6580514,54.59646,3445.3499105,83.07848,1824.99046,47.045410000000004,1043.4602568
4/10/2022,5.82719,506586.438536376,154.99514,92322.395671042,0.39,14.040000000000001,2396.9,42082.91,159.06,16711.27,43.94,3638.37,37.6,4219.16,85.21,134.42,29.31,487.64,17.97,18600.75,31.123269999999998,1152.9793354,36.96825,2473.336178,56.70821,1156.5732066,29.27344,631.0304613999999
5/10/2022,1.00288,17122.905961463,79.23713,20807.604128964,0.37,12.43,2272.01,34258.45,147.69,12491.73,75.05,759.29,147.29,14171.06,80.6,126.02,26.54,425.75,h,h,25.828789999999998,974.3988685,29.035580000000003,1549.0667102,45.10949,1018.5476853,21.880229999999997,455.2453385
6/10/2022,8.78665,660284.792395953,177.05931,143978.998143462,0.41000000000000003,13.290000000000001,2331.47,41501.46,153.53,17249.13,68.78999999999999,2844.71,45.74,3942.66,85.29,127.37,36.02,629.61,32.02,30112.07,37.301770000000005,1506.3578964,42.88258,2811.9796013,64.81543,1384.1788820000002,37.13424,771.8628512
7/10/2022,9.14021,630520.9317406461,228.96919,135627.38606696,0.43,15.28,2329.71,41204.09,160.48,17747.72,89.63,3641.73,71.57,6489.99,90.17,138.03,34.02,588.5,27.85,26786.53,27.838189999999997,1036.0413233,35.207679999999996,2189.1758321,55.478919999999995,1156.2550083,31.218629999999997,645.7900521
